inquiry_id,customer_id,inquiry_date,inquiry_type,post_id,account_id,customer_account,inquiry_time,response_time,response_duration,sales_id,wechat_status,keyword,region,remark
INQ00001,CUS0001,2025-07-25,主动咨询,POST0061,ACC003,user_0001,2025-07-25 18:40:00,2025-07-25 18:48:00,8,EMP001,已添加,零基础,美国,
INQ00002,CUS0002,2026-07-17,回访,POST0043,ACC002,user_0002,2026-07-17 09:20:00,2026-07-17 09:38:00,18,EMP002,未添加,DELE,新加坡,
INQ00003,CUS0003,2025-04-15,主动咨询,,ACC002,user_0003,2025-04-15 15:10:00,2025-04-15 15:17:00,7,EMP001,待添加,小孩课程,中国,客户希望尽快安排
INQ00004,CUS0004,2025-11-19,主动咨询,POST0093,ACC002,user_0004,2025-11-19 19:40:00,2025-11-19 22:48:00,188,EMP001,已添加,留学,加拿大,
INQ00005,CUS0005,2026-06-18,主动咨询,,ACC002,user_0005,2026-06-18 17:30:00,2026-06-18 17:48:00,18,EMP003,待添加,小孩课程,英国,
INQ00006,CUS0006,2026-08-19,回访,POST0082,ACC003,user_0006,2026-08-19 11:20:00,2026-08-19 11:30:00,10,EMP002,已添加,小孩课程,英国,客户希望尽快安排
INQ00007,CUS0007,2025-03-08,主动评论,POST0064,ACC004,user_0007,2025-03-08 18:00:00,2025-03-08 18:09:00,9,EMP001,已添加,B2,加拿大,客户希望尽快安排
INQ00008,CUS0007,2025-03-31,主动咨询,POST0056,ACC001,user_0007,2025-03-31 16:00:00,2025-03-31 16:28:00,28,EMP001,已添加,口语,西班牙,客户希望尽快安排
INQ00009,CUS0008,2025-06-28,主动咨询,POST0068,ACC003,user_0008,2025-06-28 10:20:00,2025-06-28 10:40:00,20,EMP003,已添加,B2,德国,客户希望尽快安排
INQ00010,CUS0009,2026-06-09,主动咨询,POST0100,ACC002,user_0009,2026-06-09 09:50:00,2026-06-09 19:48:00,598,EMP002,已添加,留学,新加坡,
INQ00011,CUS0010,2025-08-12,主动咨询,POST0115,ACC004,user_0010,2025-08-12 09:00:00,2025-08-12 09:07:00,7,EMP003,已添加,口语,中国,
INQ00012,CUS0010,2025-09-06,被动私信,POST0028,ACC003,user_0010,2025-09-06 14:30:00,2025-09-06 21:32:00,422,EMP003,已添加,零基础,美国,客户希望尽快安排
INQ00013,CUS0011,2025-05-25,回访,POST0105,ACC004,user_0011,2025-05-25 15:10:00,2025-05-25 15:33:00,23,EMP002,待添加,零基础,新加坡,
INQ00014,CUS0011,2025-07-05,主动咨询,POST0119,ACC003,user_0011,2025-07-05 18:50:00,2025-07-05 19:00:00,10,EMP002,已添加,DELE,新加坡,客户希望尽快安排
INQ00015,CUS0011,2025-07-30,被动私信,POST0059,ACC002,user_0011,2025-07-30 18:50:00,2025-07-30 18:54:00,4,EMP002,未添加,小孩课程,德国,
INQ00016,CUS0012,2026-07-13,主动评论,POST0086,ACC004,user_0012,2026-07-13 20:50:00,2026-07-13 20:57:00,7,EMP002,已添加,留学,澳大利亚,
INQ00017,CUS0013,2026-06-16,主动评论,,ACC004,user_0013,2026-06-16 14:40:00,2026-06-16 15:13:00,33,EMP001,已添加,留学,西班牙,客户希望尽快安排
INQ00018,CUS0014,2025-10-18,主动评论,POST0042,ACC003,user_0014,2025-10-18 15:00:00,2025-10-18 15:21:00,21,EMP002,未添加,零基础,英国,
INQ00019,CUS0015,2026-06-23,被动私信,POST0078,ACC001,user_0015,2026-06-23 17:40:00,2026-06-23 17:52:00,12,EMP003,已添加,零基础,加拿大,客户希望尽快安排
INQ00020,CUS0016,2026-06-13,主动咨询,POST0006,ACC004,user_0016,2026-06-13 17:00:00,2026-06-13 17:16:00,16,EMP001,未添加,DELE,新加坡,
INQ00021,CUS0017,2025-11-13,主动咨询,POST0016,ACC004,user_0017,2025-11-13 11:30:00,2025-11-13 11:32:00,2,EMP001,已添加,小孩课程,德国,客户希望尽快安排
INQ00022,CUS0017,2025-11-18,被动私信,POST0019,ACC001,user_0017,2025-11-18 11:50:00,2025-11-18 12:03:00,13,EMP001,待添加,留学,西班牙,客户希望尽快安排
INQ00023,CUS0018,2026-01-05,被动私信,POST0114,ACC003,user_0018,2026-01-05 10:40:00,2026-01-05 19:48:00,548,EMP001,已添加,留学,英国,
INQ00024,CUS0018,2026-02-04,主动咨询,POST0038,ACC003,user_0018,2026-02-04 16:40:00,2026-02-04 16:55:00,15,EMP001,未添加,留学,英国,
INQ00025,CUS0018,2026-03-13,主动咨询,POST0050,ACC003,user_0018,2026-03-13 11:40:00,2026-03-13 12:01:00,21,EMP001,已添加,小孩课程,德国,
INQ00026,CUS0019,2025-07-19,主动咨询,POST0016,ACC004,user_0019,2025-07-19 20:10:00,2025-07-19 20:27:00,17,EMP001,已添加,零基础,中国,客户希望尽快安排
INQ00027,CUS0019,2025-08-26,主动咨询,POST0078,ACC001,user_0019,2025-08-26 09:30:00,2025-08-26 09:43:00,13,EMP001,已添加,留学,美国,
INQ00028,CUS0020,2025-06-29,主动咨询,POST0050,ACC003,user_0020,2025-06-29 16:00:00,2025-06-29 16:44:00,44,EMP002,未添加,B2,英国,
INQ00029,CUS0020,2025-07-14,主动评论,POST0070,ACC003,user_0020,2025-07-14 10:40:00,2025-07-14 10:48:00,8,EMP002,已添加,口语,新加坡,客户希望尽快安排
INQ00030,CUS0021,2025-10-27,主动咨询,POST0014,ACC001,user_0021,2025-10-27 09:00:00,2025-10-27 09:05:00,5,EMP001,已添加,小孩课程,德国,
INQ00031,CUS0022,2025-05-18,回访,POST0112,ACC004,user_0022,2025-05-18 14:40:00,2025-05-18 14:44:00,4,EMP002,已添加,口语,西班牙,客户希望尽快安排
INQ00032,CUS0022,2025-06-24,回访,POST0025,ACC004,user_0022,2025-06-24 15:50:00,2025-06-24 16:02:00,12,EMP002,已添加,小孩课程,澳大利亚,
INQ00033,CUS0023,2025-05-28,被动私信,POST0015,ACC002,user_0023,2025-05-28 19:20:00,2025-05-28 19:30:00,10,EMP002,已添加,小孩课程,新加坡,
INQ00034,CUS0024,2026-06-28,主动咨询,POST0064,ACC004,user_0024,2026-06-28 14:20:00,2026-06-28 14:27:00,7,EMP001,未添加,DELE,澳大利亚,
INQ00035,CUS0025,2025-03-07,被动私信,POST0077,ACC002,user_0025,2025-03-07 14:00:00,2025-03-07 14:22:00,22,EMP001,已添加,B2,德国,
INQ00036,CUS0025,2025-03-14,主动咨询,POST0116,ACC001,user_0025,2025-03-14 18:50:00,2025-03-14 19:09:00,19,EMP001,已添加,DELE,加拿大,客户希望尽快安排
INQ00037,CUS0025,2025-03-17,主动咨询,POST0102,ACC003,user_0025,2025-03-17 10:50:00,2025-03-17 10:57:00,7,EMP001,已添加,口语,澳大利亚,
INQ00038,CUS0026,2026-04-24,主动咨询,POST0077,ACC002,user_0026,2026-04-24 18:50:00,2026-04-24 18:59:00,9,EMP001,已添加,B2,新加坡,
INQ00039,CUS0027,2026-05-08,回访,POST0071,ACC003,user_0027,2026-05-08 09:20:00,2026-05-08 09:29:00,9,EMP001,未添加,DELE,中国,
INQ00040,CUS0028,2026-06-22,主动咨询,POST0106,ACC002,user_0028,2026-06-22 10:40:00,2026-06-22 10:42:00,2,EMP001,未添加,B2,中国,
INQ00041,CUS0029,2025-04-21,主动评论,POST0005,ACC003,user_0029,2025-04-21 20:00:00,2025-04-21 20:30:00,30,EMP003,已添加,小孩课程,加拿大,
INQ00042,CUS0030,2026-07-04,主动咨询,POST0059,ACC002,user_0030,2026-07-04 20:10:00,2026-07-04 20:39:00,29,EMP002,未添加,DELE,中国,
INQ00043,CUS0030,2026-07-13,主动咨询,POST0098,ACC003,user_0030,2026-07-13 15:10:00,2026-07-13 15:20:00,10,EMP002,已添加,小孩课程,美国,
INQ00044,CUS0031,2025-12-24,回访,POST0070,ACC003,user_0031,2025-12-24 11:00:00,2025-12-24 13:58:00,178,EMP003,已添加,小孩课程,新加坡,客户希望尽快安排
INQ00045,CUS0032,2025-03-07,主动咨询,POST0013,ACC003,user_0032,2025-03-07 19:00:00,2025-03-07 19:15:00,15,EMP003,已添加,口语,加拿大,
INQ00046,CUS0033,2025-03-06,回访,,ACC001,user_0033,2025-03-06 10:20:00,2025-03-06 10:26:00,6,EMP003,已添加,DELE,中国,
INQ00047,CUS0033,2025-03-26,主动咨询,POST0092,ACC002,user_0033,2025-03-26 14:00:00,2025-03-26 18:03:00,243,EMP003,已添加,小孩课程,新加坡,
INQ00048,CUS0034,2025-03-05,主动咨询,POST0105,ACC004,user_0034,2025-03-05 10:30:00,2025-03-05 10:57:00,27,EMP002,已添加,小孩课程,加拿大,客户希望尽快安排
INQ00049,CUS0034,2025-04-08,主动评论,POST0026,ACC003,user_0034,2025-04-08 11:00:00,2025-04-08 11:27:00,27,EMP002,已添加,B2,中国,
INQ00050,CUS0035,2026-08-20,回访,POST0083,ACC001,user_0035,2026-08-20 14:30:00,2026-08-20 14:57:00,27,EMP001,未添加,口语,新加坡,客户希望尽快安排
INQ00051,CUS0035,2026-08-31,主动评论,POST0017,ACC001,user_0035,2026-08-31 14:00:00,2026-08-31 14:12:00,12,EMP001,待添加,零基础,西班牙,
INQ00052,CUS0035,2026-08-31,主动咨询,POST0078,ACC001,user_0035,2026-08-31 14:30:00,2026-08-31 14:49:00,19,EMP001,未添加,口语,德国,客户希望尽快安排
INQ00053,CUS0036,2026-05-19,回访,POST0094,ACC002,user_0036,2026-05-19 15:50:00,2026-05-19 15:58:00,8,EMP002,未添加,DELE,中国,
INQ00054,CUS0037,2026-01-23,回访,POST0073,ACC003,user_0037,2026-01-23 11:40:00,2026-01-23 15:59:00,259,EMP002,待添加,口语,中国,
INQ00055,CUS0038,2025-10-30,主动咨询,POST0042,ACC003,user_0038,2025-10-30 20:40:00,2025-10-31 01:13:00,273,EMP002,未添加,小孩课程,英国,客户希望尽快安排
INQ00056,CUS0039,2026-06-30,回访,POST0109,ACC001,user_0039,2026-06-30 20:50:00,2026-06-30 21:17:00,27,EMP003,待添加,口语,英国,
INQ00057,CUS0040,2026-01-06,主动咨询,POST0116,ACC001,user_0040,2026-01-06 10:20:00,2026-01-06 10:44:00,24,EMP003,已添加,DELE,美国,客户希望尽快安排
INQ00058,CUS0041,2025-08-08,主动咨询,POST0043,ACC002,user_0041,2025-08-08 14:20:00,2025-08-08 14:36:00,16,EMP001,未添加,小孩课程,中国,
INQ00059,CUS0042,2026-04-12,主动咨询,POST0056,ACC001,user_0042,2026-04-12 14:40:00,2026-04-12 14:57:00,17,EMP003,已添加,小孩课程,西班牙,
INQ00060,CUS0043,2025-09-17,主动咨询,POST0025,ACC004,user_0043,2025-09-17 18:40:00,2025-09-17 18:50:00,10,EMP002,已添加,口语,中国,
INQ00061,CUS0043,2025-09-24,主动咨询,POST0032,ACC002,user_0043,2025-09-24 15:00:00,2025-09-24 21:05:00,365,EMP002,已添加,零基础,加拿大,
INQ00062,CUS0043,2025-11-02,主动评论,POST0012,ACC004,user_0043,2025-11-02 19:00:00,2025-11-03 02:10:00,430,EMP002,已添加,小孩课程,新加坡,客户希望尽快安排
INQ00063,CUS0044,2026-05-22,主动咨询,POST0049,ACC002,user_0044,2026-05-22 09:30:00,2026-05-22 09:45:00,15,EMP002,已添加,小孩课程,加拿大,
INQ00064,CUS0044,2026-06-23,主动咨询,POST0097,ACC004,user_0044,2026-06-23 14:20:00,2026-06-23 14:42:00,22,EMP002,未添加,零基础,中国,客户希望尽快安排
INQ00065,CUS0044,2026-08-04,被动私信,POST0025,ACC004,user_0044,2026-08-04 17:40:00,2026-08-04 17:57:00,17,EMP002,已添加,DELE,西班牙,
INQ00066,CUS0045,2026-06-01,主动评论,POST0089,ACC004,user_0045,2026-06-01 18:30:00,2026-06-01 18:33:00,3,EMP003,已添加,B2,德国,
INQ00067,CUS0046,2025-09-13,主动咨询,POST0015,ACC002,user_0046,2025-09-13 16:30:00,2025-09-13 16:39:00,9,EMP001,未添加,小孩课程,中国,
INQ00068,CUS0046,2025-10-21,主动评论,POST0078,ACC001,user_0046,2025-10-21 20:20:00,2025-10-21 20:27:00,7,EMP001,已添加,零基础,英国,
INQ00069,CUS0047,2025-10-03,主动咨询,POST0011,ACC004,user_0047,2025-10-03 18:40:00,2025-10-03 18:49:00,9,EMP001,已添加,DELE,英国,客户希望尽快安排
INQ00070,CUS0047,2025-10-27,回访,POST0073,ACC003,user_0047,2025-10-27 16:00:00,2025-10-27 16:07:00,7,EMP001,已添加,DELE,美国,
INQ00071,CUS0048,2025-07-16,主动评论,POST0113,ACC003,user_0048,2025-07-16 15:00:00,2025-07-16 15:02:00,2,EMP003,已添加,DELE,新加坡,
INQ00072,CUS0048,2025-07-22,主动评论,POST0015,ACC002,user_0048,2025-07-22 18:50:00,2025-07-22 19:12:00,22,EMP003,已添加,口语,澳大利亚,客户希望尽快安排
INQ00073,CUS0049,2025-11-02,主动咨询,POST0093,ACC002,user_0049,2025-11-02 17:00:00,2025-11-02 18:07:00,67,EMP001,已添加,小孩课程,美国,客户希望尽快安排
INQ00074,CUS0050,2025-03-20,被动私信,POST0013,ACC003,user_0050,2025-03-20 18:10:00,2025-03-20 23:01:00,291,EMP003,已添加,小孩课程,加拿大,
INQ00075,CUS0051,2026-05-05,主动咨询,POST0018,ACC004,user_0051,2026-05-05 20:20:00,2026-05-05 21:03:00,43,EMP001,未添加,口语,中国,
INQ00076,CUS0052,2026-06-24,主动咨询,POST0038,ACC003,user_0052,2026-06-24 15:10:00,2026-06-24 15:33:00,23,EMP002,已添加,零基础,加拿大,
INQ00077,CUS0052,2026-07-31,主动咨询,POST0098,ACC003,user_0052,2026-07-31 18:20:00,2026-07-31 18:30:00,10,EMP002,已添加,留学,中国,
INQ00078,CUS0052,2026-08-29,主动咨询,POST0064,ACC004,user_0052,2026-08-29 14:20:00,2026-08-29 14:41:00,21,EMP002,待添加,零基础,加拿大,
INQ00079,CUS0053,2026-07-20,主动咨询,POST0045,ACC003,user_0053,2026-07-20 20:50:00,2026-07-20 21:26:00,36,EMP003,已添加,留学,西班牙,
INQ00080,CUS0054,2025-04-04,主动咨询,POST0057,ACC003,user_0054,2025-04-04 20:10:00,2025-04-05 01:30:00,320,EMP003,未添加,B2,英国,客户希望尽快安排
INQ00081,CUS0054,2025-04-22,回访,,ACC001,user_0054,2025-04-22 10:30:00,2025-04-22 10:50:00,20,EMP003,已添加,B2,新加坡,
INQ00082,CUS0055,2025-09-09,主动咨询,POST0006,ACC004,user_0055,2025-09-09 17:00:00,2025-09-09 17:17:00,17,EMP001,已添加,零基础,英国,
INQ00083,CUS0056,2026-04-28,主动咨询,POST0105,ACC004,user_0056,2026-04-28 20:50:00,2026-04-28 21:07:00,17,EMP002,未添加,口语,中国,客户希望尽快安排
INQ00084,CUS0056,2026-05-25,主动评论,POST0120,ACC001,user_0056,2026-05-25 17:50:00,2026-05-25 17:58:00,8,EMP002,未添加,口语,加拿大,
INQ00085,CUS0057,2026-02-24,主动评论,POST0117,ACC001,user_0057,2026-02-24 18:50:00,2026-02-24 19:12:00,22,EMP001,已添加,B2,加拿大,客户希望尽快安排
INQ00086,CUS0057,2026-03-06,主动咨询,POST0010,ACC004,user_0057,2026-03-06 11:50:00,2026-03-06 12:10:00,20,EMP001,已添加,零基础,美国,
INQ00087,CUS0057,2026-03-27,回访,POST0063,ACC001,user_0057,2026-03-27 09:20:00,2026-03-27 09:56:00,36,EMP001,已添加,DELE,加拿大,
INQ00088,CUS0058,2025-04-27,主动咨询,POST0108,ACC003,user_0058,2025-04-27 09:20:00,2025-04-27 10:03:00,43,EMP003,未添加,留学,美国,
INQ00089,CUS0059,2025-12-03,主动咨询,POST0100,ACC002,user_0059,2025-12-03 11:30:00,2025-12-03 11:34:00,4,EMP003,已添加,小孩课程,澳大利亚,
INQ00090,CUS0059,2026-01-06,主动评论,POST0060,ACC001,user_0059,2026-01-06 14:10:00,2026-01-06 14:13:00,3,EMP003,已添加,DELE,美国,
INQ00091,CUS0060,2026-05-07,主动咨询,POST0109,ACC001,user_0060,2026-05-07 15:10:00,2026-05-07 15:48:00,38,EMP003,待添加,口语,英国,
INQ00092,CUS0061,2026-07-07,主动咨询,POST0005,ACC003,user_0061,2026-07-07 14:10:00,2026-07-07 14:44:00,34,EMP001,未添加,小孩课程,西班牙,
INQ00093,CUS0062,2025-06-24,回访,POST0070,ACC003,user_0062,2025-06-24 19:20:00,2025-06-24 19:31:00,11,EMP003,已添加,零基础,美国,
INQ00094,CUS0062,2025-07-31,主动咨询,POST0058,ACC001,user_0062,2025-07-31 14:50:00,2025-07-31 14:55:00,5,EMP003,已添加,口语,西班牙,
INQ00095,CUS0063,2026-04-30,回访,,ACC002,user_0063,2026-04-30 09:50:00,2026-04-30 10:00:00,10,EMP002,已添加,B2,西班牙,客户希望尽快安排
INQ00096,CUS0063,2026-05-25,主动评论,POST0101,ACC003,user_0063,2026-05-25 16:30:00,2026-05-25 17:20:00,50,EMP002,已添加,零基础,美国,客户希望尽快安排
INQ00097,CUS0064,2026-01-03,主动咨询,POST0086,ACC004,user_0064,2026-01-03 17:00:00,2026-01-03 17:37:00,37,EMP003,已添加,留学,西班牙,
INQ00098,CUS0065,2025-07-10,主动咨询,POST0059,ACC002,user_0065,2025-07-10 10:00:00,2025-07-10 10:19:00,19,EMP002,已添加,口语,德国,客户希望尽快安排
INQ00099,CUS0065,2025-07-20,被动私信,POST0073,ACC003,user_0065,2025-07-20 15:50:00,2025-07-20 16:12:00,22,EMP002,待添加,零基础,美国,客户希望尽快安排
INQ00100,CUS0066,2025-04-30,被动私信,POST0064,ACC004,user_0066,2025-04-30 19:40:00,2025-04-30 19:49:00,9,EMP001,已添加,小孩课程,英国,
INQ00101,CUS0066,2025-05-25,被动私信,POST0067,ACC001,user_0066,2025-05-25 09:10:00,2025-05-25 09:34:00,24,EMP001,未添加,DELE,澳大利亚,
INQ00102,CUS0067,2025-05-24,回访,POST0060,ACC001,user_0067,2025-05-24 16:00:00,2025-05-24 16:44:00,44,EMP001,已添加,口语,英国,
INQ00103,CUS0068,2026-05-11,主动咨询,POST0109,ACC001,user_0068,2026-05-11 20:50:00,2026-05-11 20:58:00,8,EMP002,已添加,零基础,中国,
INQ00104,CUS0068,2026-05-29,主动咨询,POST0120,ACC001,user_0068,2026-05-29 14:50:00,2026-05-29 15:12:00,22,EMP002,未添加,小孩课程,美国,
INQ00105,CUS0069,2025-05-05,主动咨询,POST0059,ACC002,user_0069,2025-05-05 20:00:00,2025-05-05 20:14:00,14,EMP002,未添加,零基础,新加坡,
INQ00106,CUS0069,2025-06-15,主动咨询,POST0080,ACC003,user_0069,2025-06-15 18:00:00,2025-06-15 18:18:00,18,EMP002,已添加,小孩课程,美国,
INQ00107,CUS0069,2025-07-11,回访,POST0103,ACC002,user_0069,2025-07-11 09:50:00,2025-07-11 10:09:00,19,EMP002,未添加,小孩课程,新加坡,客户希望尽快安排
INQ00108,CUS0070,2025-04-19,主动评论,POST0042,ACC003,user_0070,2025-04-19 18:20:00,2025-04-19 18:41:00,21,EMP003,已添加,B2,西班牙,
INQ00109,CUS0070,2025-06-01,主动咨询,POST0048,ACC003,user_0070,2025-06-01 10:00:00,2025-06-01 10:11:00,11,EMP003,已添加,DELE,西班牙,客户希望尽快安排
INQ00110,CUS0071,2025-12-02,回访,POST0067,ACC001,user_0071,2025-12-02 17:20:00,2025-12-02 17:55:00,35,EMP003,未添加,零基础,西班牙,
INQ00111,CUS0071,2026-01-12,主动咨询,POST0086,ACC004,user_0071,2026-01-12 18:00:00,2026-01-12 18:04:00,4,EMP003,已添加,小孩课程,新加坡,
INQ00112,CUS0071,2026-02-14,主动咨询,POST0022,ACC001,user_0071,2026-02-14 17:10:00,2026-02-14 20:51:00,221,EMP003,未添加,口语,德国,客户希望尽快安排
INQ00113,CUS0072,2025-03-23,被动私信,,ACC004,user_0072,2025-03-23 10:10:00,2025-03-23 11:06:00,56,EMP003,已添加,小孩课程,德国,
INQ00114,CUS0072,2025-03-27,主动咨询,POST0087,ACC001,user_0072,2025-03-27 14:40:00,2025-03-27 14:49:00,9,EMP003,未添加,DELE,中国,
INQ00115,CUS0073,2025-11-07,被动私信,POST0014,ACC001,user_0073,2025-11-07 10:40:00,2025-11-07 10:42:00,2,EMP002,已添加,零基础,新加坡,客户希望尽快安排
INQ00116,CUS0074,2026-06-12,主动咨询,POST0008,ACC004,user_0074,2026-06-12 20:10:00,2026-06-12 20:26:00,16,EMP003,未添加,留学,新加坡,
INQ00117,CUS0074,2026-06-30,主动咨询,,ACC001,user_0074,2026-06-30 14:20:00,2026-06-30 14:44:00,24,EMP003,已添加,口语,西班牙,
INQ00118,CUS0075,2026-02-03,主动咨询,POST0028,ACC003,user_0075,2026-02-03 17:20:00,2026-02-03 17:30:00,10,EMP001,待添加,小孩课程,西班牙,
INQ00119,CUS0076,2026-07-17,主动咨询,POST0011,ACC004,user_0076,2026-07-17 09:50:00,2026-07-17 10:02:00,12,EMP001,待添加,留学,新加坡,
INQ00120,CUS0076,2026-08-27,被动私信,POST0100,ACC002,user_0076,2026-08-27 15:50:00,2026-08-27 15:52:00,2,EMP001,已添加,零基础,中国,
INQ00121,CUS0077,2025-08-04,被动私信,POST0082,ACC003,user_0077,2025-08-04 11:30:00,2025-08-04 12:04:00,34,EMP002,待添加,小孩课程,德国,客户希望尽快安排
INQ00122,CUS0078,2025-12-06,主动咨询,POST0018,ACC004,user_0078,2025-12-06 10:20:00,2025-12-06 10:47:00,27,EMP003,已添加,口语,加拿大,
INQ00123,CUS0078,2025-12-10,主动咨询,POST0086,ACC004,user_0078,2025-12-10 15:30:00,2025-12-10 15:50:00,20,EMP003,待添加,零基础,英国,
INQ00124,CUS0079,2025-06-09,主动咨询,POST0014,ACC001,user_0079,2025-06-09 16:50:00,2025-06-09 17:14:00,24,EMP001,待添加,零基础,美国,
INQ00125,CUS0080,2025-06-12,主动咨询,POST0103,ACC002,user_0080,2025-06-12 20:20:00,2025-06-12 20:31:00,11,EMP003,已添加,零基础,德国,
INQ00126,CUS0080,2025-06-30,主动咨询,POST0037,ACC002,user_0080,2025-06-30 11:00:00,2025-06-30 17:45:00,405,EMP003,已添加,小孩课程,加拿大,
INQ00127,CUS0081,2026-08-17,主动咨询,,ACC004,user_0081,2026-08-17 14:10:00,2026-08-17 14:41:00,31,EMP002,未添加,B2,美国,
INQ00128,CUS0081,2026-08-31,被动私信,POST0060,ACC001,user_0081,2026-08-31 15:20:00,2026-08-31 15:40:00,20,EMP002,未添加,零基础,西班牙,
INQ00129,CUS0082,2026-03-10,回访,POST0076,ACC002,user_0082,2026-03-10 11:30:00,2026-03-10 12:01:00,31,EMP001,已添加,DELE,新加坡,客户希望尽快安排
INQ00130,CUS0082,2026-04-08,回访,,ACC004,user_0082,2026-04-08 14:40:00,2026-04-08 14:59:00,19,EMP001,未添加,零基础,中国,客户希望尽快安排
INQ00131,CUS0082,2026-04-10,被动私信,POST0079,ACC001,user_0082,2026-04-10 16:20:00,2026-04-10 16:24:00,4,EMP001,已添加,口语,西班牙,
INQ00132,CUS0083,2026-03-17,回访,POST0030,ACC003,user_0083,2026-03-17 18:20:00,2026-03-17 18:44:00,24,EMP002,已添加,零基础,西班牙,
INQ00133,CUS0083,2026-04-22,主动咨询,POST0021,ACC003,user_0083,2026-04-22 10:50:00,2026-04-22 11:05:00,15,EMP002,已添加,B2,新加坡,
INQ00134,CUS0084,2025-09-20,回访,POST0084,ACC002,user_0084,2025-09-20 16:10:00,2025-09-20 16:34:00,24,EMP001,已添加,DELE,中国,
INQ00135,CUS0084,2025-10-15,主动咨询,POST0076,ACC002,user_0084,2025-10-15 14:10:00,2025-10-15 14:28:00,18,EMP001,已添加,口语,德国,
INQ00136,CUS0085,2026-04-14,主动咨询,,ACC003,user_0085,2026-04-14 19:50:00,2026-04-14 19:59:00,9,EMP001,已添加,DELE,德国,
INQ00137,CUS0086,2026-08-05,主动评论,POST0081,ACC004,user_0086,2026-08-05 18:50:00,2026-08-05 18:55:00,5,EMP002,已添加,零基础,新加坡,
INQ00138,CUS0087,2026-08-10,主动评论,POST0030,ACC003,user_0087,2026-08-10 10:20:00,2026-08-10 10:28:00,8,EMP003,已添加,口语,加拿大,
INQ00139,CUS0087,2026-08-31,被动私信,POST0066,ACC001,user_0087,2026-08-31 20:50:00,2026-08-31 21:11:00,21,EMP003,未添加,零基础,加拿大,
INQ00140,CUS0088,2025-06-22,主动评论,POST0093,ACC002,user_0088,2025-06-22 17:20:00,2025-06-22 17:43:00,23,EMP001,已添加,零基础,中国,
INQ00141,CUS0089,2025-10-19,主动咨询,POST0008,ACC004,user_0089,2025-10-19 11:20:00,2025-10-19 11:33:00,13,EMP003,已添加,小孩课程,澳大利亚,
INQ00142,CUS0090,2025-06-19,主动评论,POST0042,ACC003,user_0090,2025-06-19 17:20:00,2025-06-19 17:31:00,11,EMP001,未添加,留学,英国,
INQ00143,CUS0091,2025-12-23,被动私信,POST0061,ACC003,user_0091,2025-12-23 15:40:00,2025-12-23 18:58:00,198,EMP001,已添加,零基础,中国,
INQ00144,CUS0092,2026-02-28,主动评论,POST0017,ACC001,user_0092,2026-02-28 16:30:00,2026-02-28 16:59:00,29,EMP001,已添加,零基础,澳大利亚,客户希望尽快安排
INQ00145,CUS0092,2026-04-02,主动咨询,POST0029,ACC001,user_0092,2026-04-02 09:20:00,2026-04-02 09:28:00,8,EMP001,已添加,小孩课程,中国,客户希望尽快安排
INQ00146,CUS0092,2026-05-10,主动咨询,,ACC001,user_0092,2026-05-10 17:30:00,2026-05-10 17:48:00,18,EMP001,已添加,零基础,澳大利亚,
INQ00147,CUS0093,2025-08-05,主动咨询,POST0104,ACC004,user_0093,2025-08-05 11:10:00,2025-08-05 11:22:00,12,EMP003,已添加,零基础,加拿大,
INQ00148,CUS0094,2025-07-10,主动咨询,,ACC004,user_0094,2025-07-10 19:30:00,2025-07-10 19:51:00,21,EMP001,已添加,留学,澳大利亚,
INQ00149,CUS0095,2026-02-02,被动私信,POST0053,ACC004,user_0095,2026-02-02 18:40:00,2026-02-02 19:29:00,49,EMP002,已添加,口语,英国,
INQ00150,CUS0096,2026-05-04,主动咨询,POST0087,ACC001,user_0096,2026-05-04 11:00:00,2026-05-04 11:02:00,2,EMP001,未添加,零基础,西班牙,
INQ00151,CUS0097,2026-06-15,被动私信,POST0011,ACC004,user_0097,2026-06-15 18:00:00,2026-06-15 18:06:00,6,EMP003,未添加,小孩课程,英国,
INQ00152,CUS0097,2026-07-28,主动咨询,POST0109,ACC001,user_0097,2026-07-28 10:30:00,2026-07-28 10:36:00,6,EMP003,已添加,DELE,西班牙,
INQ00153,CUS0098,2025-09-30,主动咨询,POST0037,ACC002,user_0098,2025-09-30 20:00:00,2025-09-30 20:09:00,9,EMP003,已添加,零基础,西班牙,客户希望尽快安排
INQ00154,CUS0099,2025-08-04,主动咨询,POST0031,ACC002,user_0099,2025-08-04 15:30:00,2025-08-04 19:50:00,260,EMP001,已添加,零基础,美国,客户希望尽快安排
INQ00155,CUS0100,2026-07-08,主动评论,POST0069,ACC002,user_0100,2026-07-08 16:10:00,2026-07-08 16:28:00,18,EMP003,已添加,小孩课程,中国,客户希望尽快安排
INQ00156,CUS0101,2026-06-30,被动私信,POST0086,ACC004,user_0101,2026-06-30 15:10:00,2026-06-30 15:25:00,15,EMP003,已添加,小孩课程,新加坡,客户希望尽快安排
INQ00157,CUS0102,2025-11-23,主动咨询,POST0064,ACC004,user_0102,2025-11-23 19:30:00,2025-11-23 19:45:00,15,EMP001,已添加,口语,中国,
INQ00158,CUS0103,2026-03-24,主动咨询,POST0085,ACC001,user_0103,2026-03-24 20:20:00,2026-03-24 20:30:00,10,EMP003,已添加,零基础,美国,
INQ00159,CUS0103,2026-04-17,回访,POST0040,ACC004,user_0103,2026-04-17 20:30:00,2026-04-17 20:38:00,8,EMP003,已添加,小孩课程,加拿大,客户希望尽快安排
INQ00160,CUS0103,2026-04-27,被动私信,POST0070,ACC003,user_0103,2026-04-27 18:10:00,2026-04-28 01:11:00,421,EMP003,已添加,留学,澳大利亚,
INQ00161,CUS0104,2025-09-20,主动咨询,POST0061,ACC003,user_0104,2025-09-20 11:10:00,2025-09-20 11:22:00,12,EMP003,已添加,零基础,新加坡,客户希望尽快安排
INQ00162,CUS0104,2025-10-29,主动咨询,POST0026,ACC003,user_0104,2025-10-29 18:20:00,2025-10-29 18:29:00,9,EMP003,待添加,口语,中国,客户希望尽快安排
INQ00163,CUS0105,2026-04-08,主动咨询,,ACC004,user_0105,2026-04-08 17:30:00,2026-04-08 17:40:00,10,EMP001,已添加,小孩课程,中国,
INQ00164,CUS0105,2026-04-21,主动咨询,POST0100,ACC002,user_0105,2026-04-21 19:10:00,2026-04-21 19:19:00,9,EMP001,待添加,口语,美国,
INQ00165,CUS0106,2025-12-08,回访,POST0054,ACC004,user_0106,2025-12-08 16:20:00,2025-12-08 16:58:00,38,EMP002,已添加,小孩课程,新加坡,
INQ00166,CUS0106,2026-01-16,回访,POST0105,ACC004,user_0106,2026-01-16 16:10:00,2026-01-16 16:58:00,48,EMP002,未添加,留学,加拿大,客户希望尽快安排
INQ00167,CUS0106,2026-02-12,被动私信,POST0072,ACC003,user_0106,2026-02-12 10:00:00,2026-02-12 10:21:00,21,EMP002,已添加,小孩课程,新加坡,客户希望尽快安排
INQ00168,CUS0107,2025-08-07,主动评论,,ACC003,user_0107,2025-08-07 20:20:00,2025-08-07 20:47:00,27,EMP003,已添加,零基础,中国,
INQ00169,CUS0108,2025-09-26,主动咨询,POST0105,ACC004,user_0108,2025-09-26 15:10:00,2025-09-26 15:47:00,37,EMP003,未添加,B2,中国,
INQ00170,CUS0109,2025-11-08,被动私信,POST0072,ACC003,user_0109,2025-11-08 15:50:00,2025-11-08 22:11:00,381,EMP001,待添加,B2,中国,
INQ00171,CUS0109,2025-12-02,主动咨询,,ACC004,user_0109,2025-12-02 20:50:00,2025-12-02 21:25:00,35,EMP001,未添加,口语,加拿大,客户希望尽快安排
INQ00172,CUS0109,2026-01-03,主动咨询,POST0059,ACC002,user_0109,2026-01-03 16:10:00,2026-01-03 16:22:00,12,EMP001,已添加,DELE,澳大利亚,客户希望尽快安排
INQ00173,CUS0110,2025-05-06,主动咨询,POST0103,ACC002,user_0110,2025-05-06 14:00:00,2025-05-06 14:10:00,10,EMP002,未添加,口语,中国,
INQ00174,CUS0110,2025-05-12,主动评论,POST0119,ACC003,user_0110,2025-05-12 16:30:00,2025-05-12 16:49:00,19,EMP002,待添加,DELE,美国,
INQ00175,CUS0110,2025-05-28,主动咨询,POST0047,ACC004,user_0110,2025-05-28 09:10:00,2025-05-28 10:00:00,50,EMP002,已添加,零基础,西班牙,
INQ00176,CUS0111,2026-07-23,主动咨询,POST0015,ACC002,user_0111,2026-07-23 10:00:00,2026-07-23 10:22:00,22,EMP001,未添加,口语,澳大利亚,
INQ00177,CUS0112,2025-09-08,主动咨询,POST0073,ACC003,user_0112,2025-09-08 14:20:00,2025-09-08 14:37:00,17,EMP001,已添加,留学,加拿大,
INQ00178,CUS0113,2026-06-03,被动私信,POST0108,ACC003,user_0113,2026-06-03 16:10:00,2026-06-03 16:26:00,16,EMP002,待添加,零基础,德国,
INQ00179,CUS0113,2026-07-04,主动评论,POST0044,ACC001,user_0113,2026-07-04 17:20:00,2026-07-04 17:29:00,9,EMP002,未添加,零基础,德国,
INQ00180,CUS0114,2026-02-24,回访,,ACC002,user_0114,2026-02-24 11:40:00,2026-02-24 12:01:00,21,EMP001,未添加,B2,美国,
INQ00181,CUS0115,2025-07-29,被动私信,POST0089,ACC004,user_0115,2025-07-29 15:40:00,2025-07-29 15:44:00,4,EMP002,已添加,DELE,美国,
INQ00182,CUS0115,2025-08-12,主动咨询,POST0012,ACC004,user_0115,2025-08-12 09:00:00,2025-08-12 09:10:00,10,EMP002,已添加,小孩课程,西班牙,
INQ00183,CUS0116,2026-04-01,主动咨询,,ACC002,user_0116,2026-04-01 09:50:00,2026-04-01 10:20:00,30,EMP001,已添加,DELE,美国,
INQ00184,CUS0116,2026-04-17,被动私信,POST0111,ACC003,user_0116,2026-04-17 20:10:00,2026-04-17 20:40:00,30,EMP001,未添加,DELE,加拿大,客户希望尽快安排
INQ00185,CUS0117,2025-08-01,被动私信,POST0025,ACC004,user_0117,2025-08-01 16:30:00,2025-08-01 17:21:00,51,EMP001,已添加,零基础,英国,客户希望尽快安排
INQ00186,CUS0118,2025-07-06,被动私信,POST0090,ACC004,user_0118,2025-07-06 09:40:00,2025-07-06 09:42:00,2,EMP003,未添加,小孩课程,英国,
INQ00187,CUS0118,2025-08-05,被动私信,POST0020,ACC004,user_0118,2025-08-05 14:30:00,2025-08-05 14:36:00,6,EMP003,已添加,B2,英国,
INQ00188,CUS0119,2026-03-21,主动咨询,POST0079,ACC001,user_0119,2026-03-21 10:20:00,2026-03-21 10:46:00,26,EMP002,未添加,留学,德国,
INQ00189,CUS0119,2026-03-26,主动咨询,POST0101,ACC003,user_0119,2026-03-26 10:10:00,2026-03-26 14:20:00,250,EMP002,未添加,B2,新加坡,
INQ00190,CUS0119,2026-04-20,主动咨询,POST0095,ACC003,user_0119,2026-04-20 16:50:00,2026-04-20 17:21:00,31,EMP002,已添加,小孩课程,澳大利亚,
INQ00191,CUS0120,2026-05-12,主动评论,POST0006,ACC004,user_0120,2026-05-12 09:10:00,2026-05-12 09:28:00,18,EMP001,已添加,零基础,新加坡,
INQ00192,CUS0120,2026-06-07,主动咨询,POST0010,ACC004,user_0120,2026-06-07 17:00:00,2026-06-07 17:04:00,4,EMP001,已添加,DELE,中国,
INQ00193,CUS0121,2025-10-17,主动咨询,POST0077,ACC002,user_0121,2025-10-17 16:30:00,2025-10-17 16:46:00,16,EMP003,已添加,B2,中国,
INQ00194,CUS0121,2025-10-31,主动评论,POST0068,ACC003,user_0121,2025-10-31 16:00:00,2025-10-31 16:36:00,36,EMP003,已添加,DELE,美国,客户希望尽快安排
INQ00195,CUS0121,2025-12-04,主动咨询,POST0008,ACC004,user_0121,2025-12-04 17:10:00,2025-12-04 17:19:00,9,EMP003,已添加,小孩课程,澳大利亚,
INQ00196,CUS0122,2026-05-06,主动咨询,POST0079,ACC001,user_0122,2026-05-06 16:40:00,2026-05-06 22:43:00,363,EMP002,已添加,B2,新加坡,
INQ00197,CUS0123,2025-08-25,回访,POST0024,ACC003,user_0123,2025-08-25 11:30:00,2025-08-25 11:58:00,28,EMP003,已添加,小孩课程,英国,
INQ00198,CUS0123,2025-10-07,回访,POST0009,ACC003,user_0123,2025-10-07 14:40:00,2025-10-07 15:33:00,53,EMP003,已添加,留学,西班牙,
INQ00199,CUS0123,2025-10-11,主动咨询,,ACC004,user_0123,2025-10-11 18:50:00,2025-10-11 18:57:00,7,EMP003,已添加,零基础,澳大利亚,
INQ00200,CUS0124,2025-05-25,被动私信,POST0039,ACC004,user_0124,2025-05-25 11:00:00,2025-05-25 11:27:00,27,EMP001,已添加,口语,澳大利亚,
INQ00201,CUS0125,2025-05-06,主动咨询,POST0100,ACC002,user_0125,2025-05-06 20:50:00,2025-05-06 21:09:00,19,EMP001,未添加,DELE,美国,客户希望尽快安排
INQ00202,CUS0126,2025-12-29,回访,POST0035,ACC002,user_0126,2025-12-29 09:40:00,2025-12-29 09:43:00,3,EMP002,未添加,口语,美国,客户希望尽快安排
INQ00203,CUS0126,2026-02-08,主动咨询,POST0078,ACC001,user_0126,2026-02-08 16:30:00,2026-02-08 16:36:00,6,EMP002,未添加,小孩课程,加拿大,
INQ00204,CUS0126,2026-02-15,主动咨询,,ACC002,user_0126,2026-02-15 15:00:00,2026-02-15 15:28:00,28,EMP002,待添加,零基础,中国,客户希望尽快安排
INQ00205,CUS0127,2026-01-30,主动咨询,POST0084,ACC002,user_0127,2026-01-30 19:40:00,2026-01-30 19:57:00,17,EMP002,已添加,留学,澳大利亚,
INQ00206,CUS0127,2026-02-13,主动咨询,POST0097,ACC004,user_0127,2026-02-13 18:10:00,2026-02-13 18:21:00,11,EMP002,已添加,DELE,中国,
INQ00207,CUS0127,2026-02-22,被动私信,POST0029,ACC001,user_0127,2026-02-22 16:50:00,2026-02-22 16:56:00,6,EMP002,已添加,口语,美国,
INQ00208,CUS0128,2025-12-10,回访,POST0014,ACC001,user_0128,2025-12-10 18:20:00,2025-12-10 18:22:00,2,EMP003,待添加,零基础,德国,
INQ00209,CUS0128,2026-01-15,主动咨询,POST0026,ACC003,user_0128,2026-01-15 18:30:00,2026-01-15 18:44:00,14,EMP003,未添加,零基础,澳大利亚,
INQ00210,CUS0128,2026-02-22,主动咨询,POST0071,ACC003,user_0128,2026-02-22 14:10:00,2026-02-22 14:12:00,2,EMP003,未添加,小孩课程,英国,
INQ00211,CUS0129,2026-08-07,被动私信,POST0018,ACC004,user_0129,2026-08-07 18:50:00,2026-08-07 19:02:00,12,EMP003,已添加,零基础,澳大利亚,
INQ00212,CUS0130,2026-05-21,回访,POST0031,ACC002,user_0130,2026-05-21 17:20:00,2026-05-21 17:35:00,15,EMP003,未添加,小孩课程,德国,
INQ00213,CUS0130,2026-06-07,回访,POST0116,ACC001,user_0130,2026-06-07 16:50:00,2026-06-07 17:07:00,17,EMP003,已添加,小孩课程,美国,
INQ00214,CUS0131,2025-09-27,回访,POST0032,ACC002,user_0131,2025-09-27 09:50:00,2025-09-27 16:42:00,412,EMP001,已添加,零基础,西班牙,
INQ00215,CUS0132,2026-07-09,回访,POST0006,ACC004,user_0132,2026-07-09 20:50:00,2026-07-09 20:55:00,5,EMP001,已添加,留学,美国,
INQ00216,CUS0132,2026-08-01,主动咨询,POST0105,ACC004,user_0132,2026-08-01 17:30:00,2026-08-01 17:53:00,23,EMP001,已添加,小孩课程,澳大利亚,
INQ00217,CUS0133,2025-03-22,主动评论,POST0005,ACC003,user_0133,2025-03-22 09:00:00,2025-03-22 09:12:00,12,EMP001,未添加,留学,英国,
INQ00218,CUS0134,2026-07-09,主动评论,POST0008,ACC004,user_0134,2026-07-09 17:40:00,2026-07-09 18:04:00,24,EMP001,已添加,零基础,美国,
INQ00219,CUS0135,2026-08-10,回访,POST0005,ACC003,user_0135,2026-08-10 17:00:00,2026-08-10 18:26:00,86,EMP001,已添加,零基础,西班牙,客户希望尽快安排
INQ00220,CUS0136,2025-10-13,主动评论,POST0047,ACC004,user_0136,2025-10-13 19:10:00,2025-10-14 03:44:00,514,EMP002,已添加,小孩课程,加拿大,
INQ00221,CUS0137,2026-03-25,被动私信,POST0048,ACC003,user_0137,2026-03-25 15:30:00,2026-03-25 15:38:00,8,EMP002,待添加,小孩课程,加拿大,
INQ00222,CUS0137,2026-04-15,主动评论,POST0042,ACC003,user_0137,2026-04-15 14:40:00,2026-04-15 15:05:00,25,EMP002,未添加,小孩课程,美国,
INQ00223,CUS0138,2025-12-02,主动评论,,ACC004,user_0138,2025-12-02 18:20:00,2025-12-02 18:24:00,4,EMP002,已添加,留学,美国,
INQ00224,CUS0139,2026-04-15,主动咨询,POST0031,ACC002,user_0139,2026-04-15 17:20:00,2026-04-15 17:49:00,29,EMP003,已添加,零基础,新加坡,客户希望尽快安排
INQ00225,CUS0140,2026-01-16,被动私信,POST0088,ACC001,user_0140,2026-01-16 10:10:00,2026-01-16 10:33:00,23,EMP002,已添加,小孩课程,中国,
INQ00226,CUS0141,2025-04-03,主动咨询,POST0013,ACC003,user_0141,2025-04-03 14:00:00,2025-04-03 14:04:00,4,EMP001,待添加,口语,美国,
INQ00227,CUS0141,2025-04-16,主动评论,POST0119,ACC003,user_0141,2025-04-16 17:30:00,2025-04-17 02:01:00,511,EMP001,已添加,小孩课程,英国,
INQ00228,CUS0142,2026-02-28,主动评论,POST0076,ACC002,user_0142,2026-02-28 15:00:00,2026-02-28 15:31:00,31,EMP003,已添加,留学,澳大利亚,
INQ00229,CUS0143,2025-07-06,主动评论,POST0026,ACC003,user_0143,2025-07-06 14:00:00,2025-07-06 18:21:00,261,EMP001,已添加,小孩课程,英国,
INQ00230,CUS0143,2025-07-20,主动评论,POST0095,ACC003,user_0143,2025-07-20 11:20:00,2025-07-20 11:31:00,11,EMP001,已添加,DELE,西班牙,
INQ00231,CUS0144,2026-05-18,被动私信,POST0095,ACC003,user_0144,2026-05-18 09:00:00,2026-05-18 09:14:00,14,EMP001,已添加,零基础,英国,客户希望尽快安排
INQ00232,CUS0145,2025-12-30,主动咨询,POST0073,ACC003,user_0145,2025-12-30 09:20:00,2025-12-30 09:31:00,11,EMP001,已添加,小孩课程,澳大利亚,客户希望尽快安排
INQ00233,CUS0145,2026-01-31,回访,POST0072,ACC003,user_0145,2026-01-31 17:40:00,2026-01-31 18:10:00,30,EMP001,已添加,零基础,加拿大,
INQ00234,CUS0145,2026-03-12,主动评论,,ACC003,user_0145,2026-03-12 11:00:00,2026-03-12 11:11:00,11,EMP001,已添加,小孩课程,德国,
INQ00235,CUS0146,2025-11-25,主动咨询,POST0075,ACC004,user_0146,2025-11-25 14:40:00,2025-11-25 14:44:00,4,EMP001,已添加,B2,新加坡,客户希望尽快安排
INQ00236,CUS0147,2025-07-07,被动私信,POST0025,ACC004,user_0147,2025-07-07 11:00:00,2025-07-07 11:13:00,13,EMP003,已添加,口语,中国,
INQ00237,CUS0148,2026-05-01,回访,POST0008,ACC004,user_0148,2026-05-01 19:30:00,2026-05-01 19:49:00,19,EMP001,未添加,口语,美国,
INQ00238,CUS0149,2025-10-23,主动咨询,POST0100,ACC002,user_0149,2025-10-23 18:00:00,2025-10-23 18:08:00,8,EMP002,已添加,零基础,新加坡,
INQ00239,CUS0150,2025-08-29,主动咨询,POST0048,ACC003,user_0150,2025-08-29 11:10:00,2025-08-29 11:38:00,28,EMP002,已添加,零基础,德国,
INQ00240,CUS0150,2025-09-03,主动咨询,POST0033,ACC002,user_0150,2025-09-03 10:00:00,2025-09-03 14:08:00,248,EMP002,已添加,留学,西班牙,客户希望尽快安排
INQ00241,CUS0151,2026-03-21,被动私信,POST0097,ACC004,user_0151,2026-03-21 20:30:00,2026-03-21 20:44:00,14,EMP001,未添加,小孩课程,新加坡,
INQ00242,CUS0152,2026-06-22,回访,POST0099,ACC004,user_0152,2026-06-22 20:20:00,2026-06-22 20:22:00,2,EMP001,已添加,零基础,德国,
INQ00243,CUS0153,2026-04-20,回访,POST0111,ACC003,user_0153,2026-04-20 11:20:00,2026-04-20 11:39:00,19,EMP001,已添加,B2,加拿大,
INQ00244,CUS0153,2026-05-21,主动咨询,POST0117,ACC001,user_0153,2026-05-21 09:50:00,2026-05-21 10:05:00,15,EMP001,已添加,留学,德国,
INQ00245,CUS0153,2026-05-28,回访,POST0019,ACC001,user_0153,2026-05-28 17:00:00,2026-05-29 02:25:00,565,EMP001,待添加,小孩课程,美国,
INQ00246,CUS0154,2026-01-16,主动咨询,POST0046,ACC004,user_0154,2026-01-16 16:10:00,2026-01-16 16:22:00,12,EMP002,已添加,口语,美国,
INQ00247,CUS0155,2026-03-10,主动咨询,POST0039,ACC004,user_0155,2026-03-10 15:00:00,2026-03-10 15:28:00,28,EMP002,未添加,小孩课程,中国,
INQ00248,CUS0155,2026-04-03,被动私信,,ACC002,user_0155,2026-04-03 10:00:00,2026-04-03 10:14:00,14,EMP002,已添加,口语,澳大利亚,
INQ00249,CUS0156,2026-04-09,主动咨询,POST0034,ACC001,user_0156,2026-04-09 16:50:00,2026-04-09 16:55:00,5,EMP003,已添加,小孩课程,加拿大,
INQ00250,CUS0157,2026-01-02,主动咨询,POST0051,ACC002,user_0157,2026-01-02 20:50:00,2026-01-02 20:52:00,2,EMP001,未添加,DELE,加拿大,客户希望尽快安排
INQ00251,CUS0158,2025-04-06,回访,POST0105,ACC004,user_0158,2025-04-06 18:20:00,2025-04-06 18:25:00,5,EMP001,待添加,DELE,英国,客户希望尽快安排
INQ00252,CUS0159,2025-12-03,被动私信,POST0070,ACC003,user_0159,2025-12-03 11:50:00,2025-12-03 12:35:00,45,EMP003,已添加,口语,西班牙,
INQ00253,CUS0160,2025-07-10,回访,POST0070,ACC003,user_0160,2025-07-10 10:40:00,2025-07-10 10:57:00,17,EMP003,未添加,口语,西班牙,客户希望尽快安排
INQ00254,CUS0160,2025-07-18,被动私信,POST0099,ACC004,user_0160,2025-07-18 10:00:00,2025-07-18 10:18:00,18,EMP003,已添加,DELE,中国,客户希望尽快安排
INQ00255,CUS0161,2026-04-09,主动咨询,POST0040,ACC004,user_0161,2026-04-09 18:10:00,2026-04-09 18:30:00,20,EMP002,未添加,小孩课程,中国,客户希望尽快安排
INQ00256,CUS0162,2026-01-13,回访,POST0088,ACC001,user_0162,2026-01-13 16:10:00,2026-01-13 16:26:00,16,EMP003,已添加,口语,中国,
INQ00257,CUS0163,2025-07-01,主动评论,POST0067,ACC001,user_0163,2025-07-01 16:40:00,2025-07-01 16:46:00,6,EMP003,已添加,DELE,德国,客户希望尽快安排
INQ00258,CUS0163,2025-07-24,主动评论,POST0105,ACC004,user_0163,2025-07-24 20:30:00,2025-07-24 22:51:00,141,EMP003,已添加,口语,英国,
INQ00259,CUS0164,2025-11-16,主动咨询,POST0112,ACC004,user_0164,2025-11-16 15:30:00,2025-11-17 01:11:00,581,EMP003,待添加,B2,中国,
INQ00260,CUS0165,2026-03-25,被动私信,POST0118,ACC004,user_0165,2026-03-25 16:50:00,2026-03-25 17:03:00,13,EMP003,待添加,口语,新加坡,
INQ00261,CUS0166,2026-03-15,主动咨询,POST0120,ACC001,user_0166,2026-03-15 17:20:00,2026-03-16 02:36:00,556,EMP003,已添加,留学,德国,
INQ00262,CUS0166,2026-03-18,被动私信,,ACC004,user_0166,2026-03-18 09:30:00,2026-03-18 09:32:00,2,EMP003,未添加,口语,新加坡,
INQ00263,CUS0167,2025-11-25,主动咨询,POST0027,ACC004,user_0167,2025-11-25 14:50:00,2025-11-25 15:13:00,23,EMP002,未添加,小孩课程,新加坡,客户希望尽快安排
INQ00264,CUS0168,2025-10-23,主动咨询,POST0081,ACC004,user_0168,2025-10-23 17:10:00,2025-10-23 17:16:00,6,EMP001,已添加,DELE,新加坡,客户希望尽快安排
INQ00265,CUS0169,2025-09-04,回访,POST0001,ACC002,user_0169,2025-09-04 17:10:00,2025-09-04 17:24:00,14,EMP003,未添加,B2,加拿大,
INQ00266,CUS0170,2025-07-14,主动咨询,POST0033,ACC002,user_0170,2025-07-14 15:00:00,2025-07-14 15:04:00,4,EMP003,已添加,小孩课程,澳大利亚,客户希望尽快安排
INQ00267,CUS0170,2025-07-21,被动私信,POST0112,ACC004,user_0170,2025-07-21 10:10:00,2025-07-21 10:26:00,16,EMP003,未添加,口语,新加坡,
INQ00268,CUS0171,2025-08-05,主动咨询,POST0048,ACC003,user_0171,2025-08-05 17:30:00,2025-08-05 17:53:00,23,EMP001,已添加,小孩课程,中国,
INQ00269,CUS0172,2025-08-19,主动咨询,POST0108,ACC003,user_0172,2025-08-19 10:50:00,2025-08-19 11:03:00,13,EMP001,已添加,口语,德国,
INQ00270,CUS0172,2025-09-25,主动咨询,POST0107,ACC003,user_0172,2025-09-25 20:20:00,2025-09-25 20:35:00,15,EMP001,待添加,留学,美国,
INQ00271,CUS0172,2025-10-10,回访,POST0067,ACC001,user_0172,2025-10-10 16:30:00,2025-10-10 17:01:00,31,EMP001,已添加,小孩课程,澳大利亚,
INQ00272,CUS0173,2026-05-02,主动评论,POST0111,ACC003,user_0173,2026-05-02 09:50:00,2026-05-02 10:11:00,21,EMP003,已添加,小孩课程,德国,
INQ00273,CUS0173,2026-05-08,回访,POST0039,ACC004,user_0173,2026-05-08 14:40:00,2026-05-08 14:51:00,11,EMP003,待添加,零基础,中国,客户希望尽快安排
INQ00274,CUS0174,2026-05-31,主动咨询,POST0004,ACC002,user_0174,2026-05-31 15:20:00,2026-05-31 15:45:00,25,EMP001,待添加,DELE,西班牙,
INQ00275,CUS0174,2026-07-11,回访,POST0093,ACC002,user_0174,2026-07-11 09:50:00,2026-07-11 10:07:00,17,EMP001,未添加,留学,中国,客户希望尽快安排
INQ00276,CUS0175,2025-03-01,主动咨询,POST0111,ACC003,user_0175,2025-03-01 15:10:00,2025-03-01 15:27:00,17,EMP001,待添加,零基础,西班牙,
INQ00277,CUS0175,2025-03-17,主动评论,POST0076,ACC002,user_0175,2025-03-17 19:30:00,2025-03-17 19:35:00,5,EMP001,待添加,小孩课程,加拿大,客户希望尽快安排
INQ00278,CUS0176,2026-01-21,主动咨询,POST0011,ACC004,user_0176,2026-01-21 16:50:00,2026-01-21 17:12:00,22,EMP002,已添加,小孩课程,西班牙,
INQ00279,CUS0176,2026-02-14,主动评论,,ACC002,user_0176,2026-02-14 11:50:00,2026-02-14 12:17:00,27,EMP002,未添加,小孩课程,英国,客户希望尽快安排
INQ00280,CUS0176,2026-03-06,主动咨询,POST0071,ACC003,user_0176,2026-03-06 19:50:00,2026-03-06 19:55:00,5,EMP002,已添加,DELE,西班牙,
INQ00281,CUS0177,2026-01-24,被动私信,POST0038,ACC003,user_0177,2026-01-24 11:50:00,2026-01-24 11:52:00,2,EMP002,已添加,B2,加拿大,客户希望尽快安排
INQ00282,CUS0178,2025-07-02,主动咨询,POST0063,ACC001,user_0178,2025-07-02 09:30:00,2025-07-02 09:38:00,8,EMP003,待添加,留学,德国,
INQ00283,CUS0178,2025-08-14,主动咨询,POST0007,ACC003,user_0178,2025-08-14 14:00:00,2025-08-14 14:10:00,10,EMP003,已添加,零基础,澳大利亚,客户希望尽快安排
INQ00284,CUS0179,2026-02-10,被动私信,POST0091,ACC002,user_0179,2026-02-10 16:40:00,2026-02-10 16:58:00,18,EMP001,已添加,零基础,英国,
INQ00285,CUS0180,2026-07-10,被动私信,POST0084,ACC002,user_0180,2026-07-10 20:50:00,2026-07-10 21:25:00,35,EMP002,已添加,B2,美国,
INQ00286,CUS0181,2026-05-07,主动咨询,POST0087,ACC001,user_0181,2026-05-07 16:40:00,2026-05-07 16:56:00,16,EMP003,未添加,小孩课程,澳大利亚,
INQ00287,CUS0181,2026-06-18,主动咨询,POST0090,ACC004,user_0181,2026-06-18 15:10:00,2026-06-18 15:29:00,19,EMP003,已添加,留学,德国,
INQ00288,CUS0182,2026-03-10,主动咨询,POST0115,ACC004,user_0182,2026-03-10 20:00:00,2026-03-10 20:10:00,10,EMP001,已添加,留学,澳大利亚,客户希望尽快安排
INQ00289,CUS0183,2025-10-17,回访,,ACC004,user_0183,2025-10-17 20:40:00,2025-10-17 20:52:00,12,EMP002,未添加,小孩课程,西班牙,客户希望尽快安排
INQ00290,CUS0184,2026-01-25,主动咨询,POST0016,ACC004,user_0184,2026-01-25 11:40:00,2026-01-25 11:46:00,6,EMP001,已添加,零基础,西班牙,
INQ00291,CUS0185,2026-06-14,主动咨询,POST0044,ACC001,user_0185,2026-06-14 10:30:00,2026-06-14 11:18:00,48,EMP003,待添加,DELE,新加坡,
INQ00292,CUS0186,2026-03-24,主动咨询,,ACC003,user_0186,2026-03-24 11:00:00,2026-03-24 11:04:00,4,EMP002,已添加,小孩课程,美国,
INQ00293,CUS0186,2026-04-02,主动咨询,POST0032,ACC002,user_0186,2026-04-02 16:20:00,2026-04-02 16:29:00,9,EMP002,已添加,小孩课程,英国,
INQ00294,CUS0187,2025-05-10,主动咨询,POST0055,ACC004,user_0187,2025-05-10 20:10:00,2025-05-10 20:24:00,14,EMP001,未添加,留学,西班牙,客户希望尽快安排
INQ00295,CUS0187,2025-05-12,被动私信,POST0039,ACC004,user_0187,2025-05-12 17:30:00,2025-05-12 17:38:00,8,EMP001,已添加,口语,中国,
INQ00296,CUS0188,2025-08-23,主动咨询,POST0117,ACC001,user_0188,2025-08-23 09:50:00,2025-08-23 09:57:00,7,EMP002,已添加,零基础,加拿大,
INQ00297,CUS0188,2025-09-08,回访,POST0013,ACC003,user_0188,2025-09-08 20:30:00,2025-09-08 21:52:00,82,EMP002,已添加,留学,澳大利亚,
INQ00298,CUS0189,2026-02-04,主动咨询,POST0085,ACC001,user_0189,2026-02-04 17:50:00,2026-02-04 18:16:00,26,EMP002,已添加,口语,中国,
INQ00299,CUS0189,2026-02-27,主动咨询,POST0054,ACC004,user_0189,2026-02-27 18:10:00,2026-02-27 18:16:00,6,EMP002,已添加,留学,英国,
INQ00300,CUS0190,2026-08-18,主动评论,POST0102,ACC003,user_0190,2026-08-18 20:20:00,2026-08-18 20:25:00,5,EMP003,已添加,B2,西班牙,
INQ00301,CUS0191,2025-10-21,被动私信,POST0109,ACC001,user_0191,2025-10-21 16:50:00,2025-10-21 16:58:00,8,EMP002,已添加,口语,西班牙,
INQ00302,CUS0192,2025-06-08,被动私信,POST0071,ACC003,user_0192,2025-06-08 09:50:00,2025-06-08 10:16:00,26,EMP002,已添加,口语,中国,客户希望尽快安排
INQ00303,CUS0193,2026-06-17,主动评论,POST0043,ACC002,user_0193,2026-06-17 09:00:00,2026-06-17 09:14:00,14,EMP001,已添加,留学,新加坡,客户希望尽快安排
INQ00304,CUS0193,2026-07-02,主动咨询,POST0102,ACC003,user_0193,2026-07-02 11:50:00,2026-07-02 12:02:00,12,EMP001,未添加,口语,新加坡,
INQ00305,CUS0194,2025-07-01,主动咨询,POST0029,ACC001,user_0194,2025-07-01 20:10:00,2025-07-01 20:29:00,19,EMP001,未添加,口语,英国,客户希望尽快安排
INQ00306,CUS0195,2026-08-17,主动咨询,POST0104,ACC004,user_0195,2026-08-17 17:10:00,2026-08-17 17:53:00,43,EMP002,已添加,B2,美国,
INQ00307,CUS0196,2025-05-17,主动评论,POST0060,ACC001,user_0196,2025-05-17 16:00:00,2025-05-17 16:25:00,25,EMP002,已添加,零基础,澳大利亚,客户希望尽快安排
INQ00308,CUS0196,2025-06-10,被动私信,POST0066,ACC001,user_0196,2025-06-10 09:00:00,2025-06-10 09:35:00,35,EMP002,待添加,小孩课程,西班牙,
INQ00309,CUS0197,2026-02-22,主动咨询,POST0048,ACC003,user_0197,2026-02-22 11:40:00,2026-02-22 11:49:00,9,EMP002,未添加,小孩课程,德国,
INQ00310,CUS0198,2026-02-05,主动咨询,POST0053,ACC004,user_0198,2026-02-05 20:00:00,2026-02-05 20:24:00,24,EMP001,未添加,小孩课程,新加坡,客户希望尽快安排
INQ00311,CUS0199,2025-11-12,回访,POST0003,ACC001,user_0199,2025-11-12 15:30:00,2025-11-12 15:49:00,19,EMP001,已添加,DELE,中国,客户希望尽快安排
INQ00312,CUS0200,2026-03-23,主动咨询,,ACC003,user_0200,2026-03-23 09:30:00,2026-03-23 16:28:00,418,EMP002,已添加,零基础,美国,
INQ00313,CUS0200,2026-04-11,被动私信,POST0026,ACC003,user_0200,2026-04-11 10:50:00,2026-04-11 12:09:00,79,EMP002,未添加,小孩课程,英国,
INQ00314,CUS0200,2026-05-07,被动私信,POST0088,ACC001,user_0200,2026-05-07 09:20:00,2026-05-07 09:36:00,16,EMP002,已添加,B2,德国,
INQ00315,CUS0201,2025-05-28,主动咨询,POST0088,ACC001,user_0201,2025-05-28 14:50:00,2025-05-28 14:59:00,9,EMP003,已添加,口语,加拿大,
INQ00316,CUS0202,2025-12-08,主动咨询,POST0084,ACC002,user_0202,2025-12-08 18:20:00,2025-12-08 18:35:00,15,EMP003,已添加,DELE,新加坡,
INQ00317,CUS0202,2025-12-16,主动咨询,POST0096,ACC002,user_0202,2025-12-16 20:10:00,2025-12-16 20:45:00,35,EMP003,待添加,零基础,澳大利亚,
INQ00318,CUS0203,2026-07-01,主动咨询,POST0034,ACC001,user_0203,2026-07-01 19:50:00,2026-07-02 04:14:00,504,EMP001,已添加,B2,新加坡,
INQ00319,CUS0204,2026-02-23,回访,POST0024,ACC003,user_0204,2026-02-23 16:50:00,2026-02-23 17:10:00,20,EMP002,未添加,留学,中国,
INQ00320,CUS0205,2026-04-29,主动咨询,,ACC004,user_0205,2026-04-29 18:00:00,2026-04-29 18:33:00,33,EMP001,待添加,DELE,美国,
INQ00321,CUS0206,2025-03-16,回访,POST0098,ACC003,user_0206,2025-03-16 15:50:00,2025-03-16 16:00:00,10,EMP001,已添加,DELE,西班牙,
INQ00322,CUS0207,2026-02-19,被动私信,POST0024,ACC003,user_0207,2026-02-19 18:50:00,2026-02-19 18:56:00,6,EMP002,已添加,小孩课程,西班牙,
INQ00323,CUS0207,2026-02-22,回访,POST0055,ACC004,user_0207,2026-02-22 15:00:00,2026-02-22 22:43:00,463,EMP002,已添加,零基础,美国,客户希望尽快安排
INQ00324,CUS0208,2026-01-24,主动咨询,POST0112,ACC004,user_0208,2026-01-24 11:20:00,2026-01-24 11:37:00,17,EMP003,已添加,小孩课程,加拿大,
INQ00325,CUS0209,2026-04-27,主动咨询,POST0094,ACC002,user_0209,2026-04-27 15:30:00,2026-04-27 15:42:00,12,EMP001,未添加,DELE,澳大利亚,
INQ00326,CUS0209,2026-05-20,被动私信,POST0109,ACC001,user_0209,2026-05-20 10:20:00,2026-05-20 10:31:00,11,EMP001,已添加,DELE,新加坡,
INQ00327,CUS0209,2026-06-06,主动咨询,,ACC001,user_0209,2026-06-06 18:40:00,2026-06-06 18:53:00,13,EMP001,已添加,口语,中国,客户希望尽快安排
INQ00328,CUS0210,2026-02-09,主动咨询,POST0095,ACC003,user_0210,2026-02-09 20:20:00,2026-02-09 20:36:00,16,EMP003,已添加,B2,澳大利亚,客户希望尽快安排
INQ00329,CUS0210,2026-02-24,回访,,ACC003,user_0210,2026-02-24 18:50:00,2026-02-24 18:53:00,3,EMP003,已添加,DELE,中国,客户希望尽快安排
INQ00330,CUS0211,2025-09-07,主动评论,POST0103,ACC002,user_0211,2025-09-07 10:50:00,2025-09-07 10:57:00,7,EMP001,未添加,DELE,新加坡,
INQ00331,CUS0212,2025-12-28,主动评论,POST0085,ACC001,user_0212,2025-12-28 11:10:00,2025-12-28 11:24:00,14,EMP003,已添加,DELE,英国,客户希望尽快安排
INQ00332,CUS0212,2026-01-02,主动咨询,POST0078,ACC001,user_0212,2026-01-02 18:20:00,2026-01-02 18:32:00,12,EMP003,已添加,零基础,英国,
INQ00333,CUS0213,2026-05-04,回访,POST0053,ACC004,user_0213,2026-05-04 14:50:00,2026-05-04 15:07:00,17,EMP003,待添加,DELE,西班牙,
INQ00334,CUS0214,2025-09-23,主动咨询,POST0104,ACC004,user_0214,2025-09-23 11:40:00,2025-09-23 11:50:00,10,EMP002,已添加,小孩课程,新加坡,客户希望尽快安排
INQ00335,CUS0215,2026-05-11,主动评论,POST0074,ACC001,user_0215,2026-05-11 20:50:00,2026-05-11 20:52:00,2,EMP002,未添加,口语,西班牙,
INQ00336,CUS0215,2026-06-01,主动咨询,POST0051,ACC002,user_0215,2026-06-01 09:50:00,2026-06-01 10:07:00,17,EMP002,已添加,口语,英国,
INQ00337,CUS0216,2025-03-11,主动评论,POST0003,ACC001,user_0216,2025-03-11 10:30:00,2025-03-11 11:09:00,39,EMP003,已添加,B2,加拿大,客户希望尽快安排
INQ00338,CUS0216,2025-04-13,被动私信,POST0102,ACC003,user_0216,2025-04-13 10:00:00,2025-04-13 10:03:00,3,EMP003,已添加,零基础,澳大利亚,
INQ00339,CUS0217,2025-04-29,主动咨询,POST0010,ACC004,user_0217,2025-04-29 11:00:00,2025-04-29 11:31:00,31,EMP001,未添加,B2,新加坡,
INQ00340,CUS0218,2026-01-02,主动评论,POST0098,ACC003,user_0218,2026-01-02 16:40:00,2026-01-02 17:09:00,29,EMP001,未添加,口语,加拿大,
INQ00341,CUS0219,2025-11-21,被动私信,POST0060,ACC001,user_0219,2025-11-21 16:00:00,2025-11-21 19:09:00,189,EMP003,已添加,小孩课程,美国,
INQ00342,CUS0220,2025-11-20,主动评论,POST0051,ACC002,user_0220,2025-11-20 14:20:00,2025-11-20 14:29:00,9,EMP002,已添加,小孩课程,加拿大,
INQ00343,CUS0221,2025-05-20,主动评论,POST0006,ACC004,user_0221,2025-05-20 10:50:00,2025-05-20 11:16:00,26,EMP001,已添加,口语,英国,客户希望尽快安排
INQ00344,CUS0221,2025-05-22,主动咨询,POST0092,ACC002,user_0221,2025-05-22 15:50:00,2025-05-22 16:06:00,16,EMP001,已添加,小孩课程,加拿大,
INQ00345,CUS0221,2025-07-01,主动咨询,POST0106,ACC002,user_0221,2025-07-01 14:20:00,2025-07-01 14:24:00,4,EMP001,待添加,口语,澳大利亚,
INQ00346,CUS0222,2025-03-09,主动评论,POST0007,ACC003,user_0222,2025-03-09 11:00:00,2025-03-09 11:15:00,15,EMP002,已添加,口语,澳大利亚,
INQ00347,CUS0222,2025-03-18,主动咨询,,ACC001,user_0222,2025-03-18 14:40:00,2025-03-18 14:53:00,13,EMP002,待添加,留学,美国,
INQ00348,CUS0223,2025-08-28,主动评论,,ACC001,user_0223,2025-08-28 11:50:00,2025-08-28 12:15:00,25,EMP003,未添加,口语,中国,客户希望尽快安排
INQ00349,CUS0224,2026-07-14,主动咨询,POST0001,ACC002,user_0224,2026-07-14 18:30:00,2026-07-14 18:51:00,21,EMP003,已添加,口语,美国,
INQ00350,CUS0225,2025-10-12,主动评论,POST0011,ACC004,user_0225,2025-10-12 10:20:00,2025-10-12 10:37:00,17,EMP002,待添加,小孩课程,美国,客户希望尽快安排
INQ00351,CUS0225,2025-11-24,主动咨询,POST0073,ACC003,user_0225,2025-11-24 18:40:00,2025-11-24 18:51:00,11,EMP002,待添加,DELE,美国,
INQ00352,CUS0226,2026-07-26,回访,POST0017,ACC001,user_0226,2026-07-26 09:40:00,2026-07-26 09:56:00,16,EMP003,未添加,口语,中国,客户希望尽快安排
INQ00353,CUS0226,2026-08-23,主动咨询,POST0079,ACC001,user_0226,2026-08-23 10:50:00,2026-08-23 11:27:00,37,EMP003,已添加,B2,德国,
INQ00354,CUS0226,2026-08-31,主动咨询,POST0118,ACC004,user_0226,2026-08-31 17:50:00,2026-08-31 17:54:00,4,EMP003,已添加,小孩课程,加拿大,客户希望尽快安排
INQ00355,CUS0227,2026-06-17,主动咨询,POST0015,ACC002,user_0227,2026-06-17 14:00:00,2026-06-17 14:33:00,33,EMP003,已添加,零基础,英国,
INQ00356,CUS0228,2025-07-30,主动咨询,POST0052,ACC002,user_0228,2025-07-30 17:30:00,2025-07-30 17:39:00,9,EMP001,未添加,B2,西班牙,
INQ00357,CUS0228,2025-09-06,被动私信,POST0067,ACC001,user_0228,2025-09-06 17:40:00,2025-09-06 17:45:00,5,EMP001,未添加,B2,英国,
INQ00358,CUS0229,2025-04-05,回访,POST0087,ACC001,user_0229,2025-04-05 19:00:00,2025-04-05 19:12:00,12,EMP002,待添加,留学,西班牙,
INQ00359,CUS0229,2025-04-27,主动咨询,POST0054,ACC004,user_0229,2025-04-27 16:50:00,2025-04-27 17:16:00,26,EMP002,已添加,口语,新加坡,
INQ00360,CUS0230,2026-08-10,回访,POST0106,ACC002,user_0230,2026-08-10 14:30:00,2026-08-10 14:51:00,21,EMP002,已添加,DELE,美国,客户希望尽快安排
INQ00361,CUS0230,2026-08-29,主动咨询,POST0087,ACC001,user_0230,2026-08-29 19:50:00,2026-08-29 20:09:00,19,EMP002,已添加,口语,美国,
INQ00362,CUS0231,2025-05-24,主动咨询,POST0103,ACC002,user_0231,2025-05-24 11:20:00,2025-05-24 11:31:00,11,EMP001,已添加,B2,德国,客户希望尽快安排
INQ00363,CUS0232,2025-08-09,主动咨询,POST0109,ACC001,user_0232,2025-08-09 15:10:00,2025-08-09 15:36:00,26,EMP001,已添加,小孩课程,加拿大,
INQ00364,CUS0233,2026-08-05,主动咨询,POST0011,ACC004,user_0233,2026-08-05 09:50:00,2026-08-05 10:21:00,31,EMP001,已添加,零基础,中国,
INQ00365,CUS0234,2025-04-02,主动咨询,POST0017,ACC001,user_0234,2025-04-02 10:10:00,2025-04-02 10:31:00,21,EMP001,未添加,零基础,加拿大,
INQ00366,CUS0234,2025-04-06,回访,POST0047,ACC004,user_0234,2025-04-06 20:30:00,2025-04-06 21:12:00,42,EMP001,已添加,口语,澳大利亚,客户希望尽快安排
INQ00367,CUS0234,2025-04-14,主动评论,,ACC001,user_0234,2025-04-14 11:50:00,2025-04-14 12:13:00,23,EMP001,未添加,零基础,英国,
INQ00368,CUS0235,2025-03-09,被动私信,POST0025,ACC004,user_0235,2025-03-09 10:00:00,2025-03-09 10:18:00,18,EMP003,已添加,DELE,英国,
INQ00369,CUS0236,2025-04-18,主动咨询,POST0083,ACC001,user_0236,2025-04-18 20:10:00,2025-04-18 20:24:00,14,EMP001,已添加,零基础,美国,
INQ00370,CUS0237,2025-12-13,主动咨询,,ACC001,user_0237,2025-12-13 19:20:00,2025-12-13 19:35:00,15,EMP001,已添加,零基础,德国,客户希望尽快安排
INQ00371,CUS0238,2025-08-26,主动咨询,POST0008,ACC004,user_0238,2025-08-26 10:10:00,2025-08-26 11:04:00,54,EMP003,已添加,DELE,英国,客户希望尽快安排
INQ00372,CUS0238,2025-09-15,回访,POST0005,ACC003,user_0238,2025-09-15 19:10:00,2025-09-15 19:40:00,30,EMP003,待添加,小孩课程,英国,客户希望尽快安排
INQ00373,CUS0239,2025-12-15,主动咨询,POST0065,ACC004,user_0239,2025-12-15 14:10:00,2025-12-15 14:34:00,24,EMP001,已添加,零基础,澳大利亚,
INQ00374,CUS0240,2025-10-17,主动评论,POST0091,ACC002,user_0240,2025-10-17 14:10:00,2025-10-17 14:30:00,20,EMP003,未添加,B2,德国,
INQ00375,CUS0240,2025-10-22,回访,POST0101,ACC003,user_0240,2025-10-22 19:50:00,2025-10-22 20:04:00,14,EMP003,已添加,零基础,西班牙,
INQ00376,CUS0241,2025-11-02,回访,POST0081,ACC004,user_0241,2025-11-02 19:10:00,2025-11-02 19:12:00,2,EMP002,已添加,小孩课程,澳大利亚,
INQ00377,CUS0241,2025-11-30,主动评论,POST0056,ACC001,user_0241,2025-11-30 16:10:00,2025-11-30 16:16:00,6,EMP002,已添加,DELE,中国,
INQ00378,CUS0241,2025-12-23,被动私信,POST0106,ACC002,user_0241,2025-12-23 09:10:00,2025-12-23 09:25:00,15,EMP002,未添加,口语,中国,
INQ00379,CUS0242,2025-05-21,被动私信,POST0003,ACC001,user_0242,2025-05-21 11:00:00,2025-05-21 11:15:00,15,EMP001,已添加,零基础,英国,
INQ00380,CUS0242,2025-06-18,主动咨询,POST0087,ACC001,user_0242,2025-06-18 19:50:00,2025-06-18 22:43:00,173,EMP001,已添加,口语,新加坡,
INQ00381,CUS0243,2025-06-04,被动私信,POST0010,ACC004,user_0243,2025-06-04 15:20:00,2025-06-04 15:28:00,8,EMP002,已添加,小孩课程,中国,
INQ00382,CUS0244,2026-01-24,主动咨询,POST0112,ACC004,user_0244,2026-01-24 10:40:00,2026-01-24 11:00:00,20,EMP002,已添加,DELE,新加坡,
INQ00383,CUS0245,2025-03-15,主动咨询,,ACC004,user_0245,2025-03-15 14:00:00,2025-03-15 14:06:00,6,EMP003,已添加,B2,中国,客户希望尽快安排
INQ00384,CUS0246,2025-04-14,主动评论,,ACC003,user_0246,2025-04-14 17:50:00,2025-04-14 18:00:00,10,EMP003,已添加,零基础,英国,
INQ00385,CUS0247,2025-07-14,主动咨询,POST0082,ACC003,user_0247,2025-07-14 18:10:00,2025-07-14 18:12:00,2,EMP001,已添加,小孩课程,加拿大,客户希望尽快安排
INQ00386,CUS0247,2025-08-10,主动评论,POST0102,ACC003,user_0247,2025-08-10 10:50:00,2025-08-10 11:02:00,12,EMP001,待添加,小孩课程,新加坡,客户希望尽快安排
INQ00387,CUS0248,2025-07-25,回访,POST0054,ACC004,user_0248,2025-07-25 16:00:00,2025-07-25 16:13:00,13,EMP002,未添加,留学,澳大利亚,
INQ00388,CUS0249,2025-09-23,主动评论,POST0096,ACC002,user_0249,2025-09-23 17:50:00,2025-09-23 17:57:00,7,EMP001,已添加,小孩课程,西班牙,
INQ00389,CUS0249,2025-10-13,主动咨询,POST0059,ACC002,user_0249,2025-10-13 20:40:00,2025-10-13 21:05:00,25,EMP001,已添加,零基础,西班牙,
INQ00390,CUS0250,2025-07-01,主动咨询,POST0115,ACC004,user_0250,2025-07-01 19:00:00,2025-07-01 19:35:00,35,EMP002,未添加,B2,中国,
INQ00391,CUS0251,2025-05-29,主动咨询,POST0061,ACC003,user_0251,2025-05-29 19:20:00,2025-05-30 01:32:00,372,EMP003,已添加,小孩课程,德国,
INQ00392,CUS0252,2025-04-22,回访,,ACC001,user_0252,2025-04-22 10:50:00,2025-04-22 10:52:00,2,EMP001,未添加,口语,美国,客户希望尽快安排
INQ00393,CUS0252,2025-06-03,主动咨询,POST0024,ACC003,user_0252,2025-06-03 18:00:00,2025-06-03 18:17:00,17,EMP001,已添加,DELE,加拿大,
INQ00394,CUS0252,2025-06-10,被动私信,POST0055,ACC004,user_0252,2025-06-10 19:10:00,2025-06-10 19:17:00,7,EMP001,已添加,留学,新加坡,客户希望尽快安排
INQ00395,CUS0253,2026-03-17,回访,POST0109,ACC001,user_0253,2026-03-17 16:30:00,2026-03-17 19:36:00,186,EMP002,已添加,留学,美国,
INQ00396,CUS0254,2025-06-06,主动咨询,POST0051,ACC002,user_0254,2025-06-06 09:20:00,2025-06-06 09:26:00,6,EMP001,待添加,留学,西班牙,
INQ00397,CUS0255,2025-10-01,主动咨询,POST0011,ACC004,user_0255,2025-10-01 16:00:00,2025-10-01 16:32:00,32,EMP001,未添加,小孩课程,澳大利亚,
INQ00398,CUS0256,2026-07-29,主动咨询,POST0034,ACC001,user_0256,2026-07-29 15:10:00,2026-07-29 15:18:00,8,EMP001,未添加,小孩课程,加拿大,客户希望尽快安排
INQ00399,CUS0256,2026-08-18,主动咨询,POST0119,ACC003,user_0256,2026-08-18 16:20:00,2026-08-18 16:41:00,21,EMP001,未添加,零基础,澳大利亚,
INQ00400,CUS0256,2026-08-31,主动评论,POST0090,ACC004,user_0256,2026-08-31 09:50:00,2026-08-31 10:16:00,26,EMP001,已添加,口语,德国,
INQ00401,CUS0257,2025-05-30,主动咨询,POST0061,ACC003,user_0257,2025-05-30 16:40:00,2025-05-30 16:59:00,19,EMP001,已添加,小孩课程,美国,
INQ00402,CUS0257,2025-06-10,主动咨询,POST0107,ACC003,user_0257,2025-06-10 15:30:00,2025-06-10 19:26:00,236,EMP001,待添加,零基础,英国,
INQ00403,CUS0258,2025-08-08,回访,,ACC001,user_0258,2025-08-08 14:40:00,2025-08-08 14:55:00,15,EMP001,待添加,DELE,德国,
INQ00404,CUS0258,2025-08-20,主动咨询,POST0038,ACC003,user_0258,2025-08-20 19:50:00,2025-08-20 19:52:00,2,EMP001,已添加,B2,澳大利亚,客户希望尽快安排
INQ00405,CUS0259,2025-11-21,主动评论,POST0059,ACC002,user_0259,2025-11-21 16:00:00,2025-11-21 16:15:00,15,EMP001,已添加,零基础,英国,
INQ00406,CUS0260,2025-12-09,主动评论,POST0029,ACC001,user_0260,2025-12-09 20:30:00,2025-12-09 21:09:00,39,EMP001,已添加,口语,英国,
INQ00407,CUS0261,2026-03-25,主动咨询,POST0074,ACC001,user_0261,2026-03-25 18:10:00,2026-03-25 18:31:00,21,EMP001,已添加,DELE,新加坡,
INQ00408,CUS0261,2026-04-02,主动咨询,POST0092,ACC002,user_0261,2026-04-02 18:20:00,2026-04-02 18:54:00,34,EMP001,未添加,口语,英国,
INQ00409,CUS0262,2025-05-26,回访,POST0111,ACC003,user_0262,2025-05-26 18:50:00,2025-05-26 18:58:00,8,EMP003,已添加,零基础,加拿大,
INQ00410,CUS0262,2025-06-02,回访,POST0094,ACC002,user_0262,2025-06-02 19:50:00,2025-06-02 21:14:00,84,EMP003,待添加,零基础,中国,
INQ00411,CUS0263,2025-05-05,主动咨询,,ACC003,user_0263,2025-05-05 15:10:00,2025-05-05 15:32:00,22,EMP002,未添加,留学,德国,
INQ00412,CUS0264,2025-11-16,主动咨询,POST0091,ACC002,user_0264,2025-11-16 17:00:00,2025-11-16 17:04:00,4,EMP003,已添加,B2,中国,
INQ00413,CUS0265,2025-12-17,主动评论,POST0050,ACC003,user_0265,2025-12-17 17:50:00,2025-12-17 18:23:00,33,EMP003,待添加,零基础,德国,客户希望尽快安排
INQ00414,CUS0266,2025-08-24,主动评论,,ACC001,user_0266,2025-08-24 18:20:00,2025-08-24 18:32:00,12,EMP001,待添加,口语,澳大利亚,
INQ00415,CUS0266,2025-09-11,主动咨询,POST0031,ACC002,user_0266,2025-09-11 20:20:00,2025-09-11 20:23:00,3,EMP001,未添加,零基础,西班牙,
INQ00416,CUS0267,2025-10-08,主动评论,,ACC002,user_0267,2025-10-08 19:00:00,2025-10-08 19:14:00,14,EMP001,未添加,DELE,美国,
INQ00417,CUS0267,2025-11-01,主动咨询,POST0080,ACC003,user_0267,2025-11-01 16:50:00,2025-11-01 17:13:00,23,EMP001,未添加,DELE,澳大利亚,
INQ00418,CUS0268,2025-12-03,主动咨询,POST0023,ACC001,user_0268,2025-12-03 11:00:00,2025-12-03 11:06:00,6,EMP003,已添加,DELE,加拿大,
INQ00419,CUS0269,2026-03-27,主动评论,POST0039,ACC004,user_0269,2026-03-27 17:00:00,2026-03-27 17:08:00,8,EMP003,已添加,B2,西班牙,
INQ00420,CUS0269,2026-04-16,主动咨询,POST0078,ACC001,user_0269,2026-04-16 19:50:00,2026-04-16 20:42:00,52,EMP003,已添加,零基础,德国,
INQ00421,CUS0270,2025-07-15,主动咨询,POST0076,ACC002,user_0270,2025-07-15 17:00:00,2025-07-16 00:12:00,432,EMP002,已添加,B2,澳大利亚,
INQ00422,CUS0271,2025-12-24,主动咨询,POST0023,ACC001,user_0271,2025-12-24 14:00:00,2025-12-24 14:12:00,12,EMP003,已添加,小孩课程,德国,客户希望尽快安排
INQ00423,CUS0272,2026-05-11,主动评论,POST0082,ACC003,user_0272,2026-05-11 09:40:00,2026-05-11 10:00:00,20,EMP001,未添加,小孩课程,德国,
INQ00424,CUS0272,2026-06-09,被动私信,,ACC003,user_0272,2026-06-09 14:10:00,2026-06-09 14:23:00,13,EMP001,未添加,留学,新加坡,客户希望尽快安排
INQ00425,CUS0273,2026-07-17,主动咨询,,ACC002,user_0273,2026-07-17 20:20:00,2026-07-17 20:35:00,15,EMP001,已添加,小孩课程,美国,
INQ00426,CUS0274,2025-08-15,被动私信,POST0037,ACC002,user_0274,2025-08-15 11:00:00,2025-08-15 11:14:00,14,EMP003,已添加,零基础,中国,
INQ00427,CUS0275,2025-08-09,被动私信,POST0034,ACC001,user_0275,2025-08-09 16:00:00,2025-08-09 16:26:00,26,EMP003,待添加,零基础,西班牙,
INQ00428,CUS0276,2025-07-13,被动私信,POST0045,ACC003,user_0276,2025-07-13 10:50:00,2025-07-13 11:07:00,17,EMP003,未添加,DELE,英国,
INQ00429,CUS0276,2025-07-27,回访,POST0062,ACC002,user_0276,2025-07-27 09:20:00,2025-07-27 14:47:00,327,EMP003,已添加,零基础,中国,
INQ00430,CUS0277,2025-06-11,主动咨询,POST0056,ACC001,user_0277,2025-06-11 09:50:00,2025-06-11 10:05:00,15,EMP003,未添加,口语,英国,
INQ00431,CUS0278,2026-04-04,被动私信,POST0102,ACC003,user_0278,2026-04-04 17:20:00,2026-04-04 17:34:00,14,EMP001,未添加,零基础,西班牙,客户希望尽快安排
INQ00432,CUS0279,2025-03-08,回访,POST0001,ACC002,user_0279,2025-03-08 20:50:00,2025-03-08 21:03:00,13,EMP001,未添加,留学,中国,
INQ00433,CUS0280,2026-02-17,主动评论,POST0086,ACC004,user_0280,2026-02-17 20:00:00,2026-02-17 20:27:00,27,EMP003,已添加,零基础,加拿大,
INQ00434,CUS0281,2025-05-26,主动咨询,POST0115,ACC004,user_0281,2025-05-26 20:20:00,2025-05-26 20:27:00,7,EMP001,已添加,留学,新加坡,
INQ00435,CUS0282,2025-08-17,主动咨询,POST0043,ACC002,user_0282,2025-08-17 16:40:00,2025-08-17 17:15:00,35,EMP003,未添加,小孩课程,德国,
INQ00436,CUS0282,2025-09-10,主动评论,POST0049,ACC002,user_0282,2025-09-10 19:50:00,2025-09-10 20:03:00,13,EMP003,已添加,零基础,加拿大,
INQ00437,CUS0283,2025-09-24,主动咨询,POST0015,ACC002,user_0283,2025-09-24 09:50:00,2025-09-24 10:04:00,14,EMP003,待添加,小孩课程,澳大利亚,
INQ00438,CUS0284,2025-09-28,主动咨询,POST0018,ACC004,user_0284,2025-09-28 18:40:00,2025-09-28 18:47:00,7,EMP003,已添加,DELE,澳大利亚,客户希望尽快安排
INQ00439,CUS0284,2025-10-01,主动评论,POST0074,ACC001,user_0284,2025-10-01 14:20:00,2025-10-01 14:28:00,8,EMP003,未添加,DELE,加拿大,
INQ00440,CUS0284,2025-10-29,主动咨询,POST0095,ACC003,user_0284,2025-10-29 15:40:00,2025-10-29 15:49:00,9,EMP003,待添加,零基础,英国,
INQ00441,CUS0285,2025-03-31,主动咨询,POST0023,ACC001,user_0285,2025-03-31 20:20:00,2025-03-31 20:31:00,11,EMP001,已添加,口语,澳大利亚,
INQ00442,CUS0285,2025-04-29,被动私信,POST0056,ACC001,user_0285,2025-04-29 14:10:00,2025-04-29 14:12:00,2,EMP001,已添加,小孩课程,美国,
INQ00443,CUS0286,2025-07-25,回访,POST0069,ACC002,user_0286,2025-07-25 11:20:00,2025-07-25 11:23:00,3,EMP003,已添加,DELE,德国,
INQ00444,CUS0286,2025-08-29,被动私信,POST0092,ACC002,user_0286,2025-08-29 15:00:00,2025-08-29 15:22:00,22,EMP003,未添加,DELE,加拿大,客户希望尽快安排
INQ00445,CUS0287,2026-05-20,主动评论,POST0113,ACC003,user_0287,2026-05-20 09:00:00,2026-05-20 09:09:00,9,EMP003,待添加,留学,英国,
INQ00446,CUS0287,2026-05-31,被动私信,POST0038,ACC003,user_0287,2026-05-31 17:20:00,2026-05-31 17:25:00,5,EMP003,已添加,DELE,加拿大,
INQ00447,CUS0287,2026-06-30,被动私信,POST0107,ACC003,user_0287,2026-06-30 17:40:00,2026-06-30 18:03:00,23,EMP003,未添加,小孩课程,英国,
INQ00448,CUS0288,2025-04-06,主动评论,POST0033,ACC002,user_0288,2025-04-06 11:40:00,2025-04-06 11:52:00,12,EMP003,未添加,口语,澳大利亚,客户希望尽快安排
INQ00449,CUS0289,2026-04-17,主动咨询,POST0103,ACC002,user_0289,2026-04-17 16:10:00,2026-04-17 17:32:00,82,EMP002,已添加,口语,西班牙,客户希望尽快安排
INQ00450,CUS0289,2026-05-25,回访,POST0007,ACC003,user_0289,2026-05-25 20:50:00,2026-05-25 21:14:00,24,EMP002,待添加,DELE,中国,
INQ00451,CUS0290,2026-06-16,主动咨询,,ACC002,user_0290,2026-06-16 16:40:00,2026-06-16 16:42:00,2,EMP002,已添加,零基础,澳大利亚,
INQ00452,CUS0290,2026-07-24,主动咨询,POST0071,ACC003,user_0290,2026-07-24 09:00:00,2026-07-24 09:07:00,7,EMP002,已添加,留学,澳大利亚,
INQ00453,CUS0291,2025-09-21,回访,POST0084,ACC002,user_0291,2025-09-21 19:40:00,2025-09-21 19:58:00,18,EMP003,已添加,小孩课程,澳大利亚,客户希望尽快安排
INQ00454,CUS0292,2025-12-20,主动咨询,POST0099,ACC004,user_0292,2025-12-20 14:00:00,2025-12-20 14:09:00,9,EMP003,未添加,小孩课程,德国,客户希望尽快安排
INQ00455,CUS0293,2025-06-28,被动私信,POST0100,ACC002,user_0293,2025-06-28 20:20:00,2025-06-28 20:32:00,12,EMP001,已添加,B2,新加坡,
INQ00456,CUS0293,2025-07-17,回访,POST0091,ACC002,user_0293,2025-07-17 14:00:00,2025-07-17 14:15:00,15,EMP001,已添加,零基础,英国,客户希望尽快安排
INQ00457,CUS0294,2025-04-02,主动评论,POST0105,ACC004,user_0294,2025-04-02 09:20:00,2025-04-02 10:04:00,44,EMP002,未添加,DELE,澳大利亚,
INQ00458,CUS0295,2025-04-04,主动咨询,POST0022,ACC001,user_0295,2025-04-04 11:20:00,2025-04-04 11:30:00,10,EMP001,未添加,口语,澳大利亚,
INQ00459,CUS0295,2025-05-10,主动评论,POST0111,ACC003,user_0295,2025-05-10 15:30:00,2025-05-10 15:53:00,23,EMP001,未添加,口语,英国,
INQ00460,CUS0296,2025-08-26,主动咨询,POST0001,ACC002,user_0296,2025-08-26 18:10:00,2025-08-26 18:14:00,4,EMP003,已添加,小孩课程,新加坡,
INQ00461,CUS0297,2025-09-11,主动评论,POST0051,ACC002,user_0297,2025-09-11 14:30:00,2025-09-11 14:56:00,26,EMP001,已添加,口语,加拿大,
INQ00462,CUS0298,2026-07-12,回访,,ACC002,user_0298,2026-07-12 11:30:00,2026-07-12 11:36:00,6,EMP002,已添加,零基础,西班牙,
INQ00463,CUS0298,2026-08-14,被动私信,POST0006,ACC004,user_0298,2026-08-14 14:40:00,2026-08-14 14:45:00,5,EMP002,已添加,口语,中国,
INQ00464,CUS0299,2026-05-28,主动咨询,POST0072,ACC003,user_0299,2026-05-28 10:30:00,2026-05-28 10:39:00,9,EMP001,未添加,留学,澳大利亚,
INQ00465,CUS0299,2026-06-25,主动咨询,POST0095,ACC003,user_0299,2026-06-25 10:10:00,2026-06-25 16:01:00,351,EMP001,已添加,零基础,加拿大,
INQ00466,CUS0300,2026-01-06,被动私信,POST0111,ACC003,user_0300,2026-01-06 20:00:00,2026-01-06 20:25:00,25,EMP001,待添加,B2,西班牙,客户希望尽快安排
INQ00467,CUS0301,2025-06-08,回访,POST0036,ACC002,user_0301,2025-06-08 09:00:00,2025-06-08 09:25:00,25,EMP001,已添加,DELE,英国,
INQ00468,CUS0302,2026-05-17,主动咨询,POST0119,ACC003,user_0302,2026-05-17 20:00:00,2026-05-17 20:15:00,15,EMP001,已添加,DELE,美国,
INQ00469,CUS0303,2026-01-30,被动私信,POST0052,ACC002,user_0303,2026-01-30 20:20:00,2026-01-30 21:00:00,40,EMP001,已添加,DELE,英国,
INQ00470,CUS0304,2026-05-18,主动评论,POST0113,ACC003,user_0304,2026-05-18 11:50:00,2026-05-18 12:00:00,10,EMP002,已添加,零基础,新加坡,客户希望尽快安排
INQ00471,CUS0305,2025-10-18,主动咨询,POST0043,ACC002,user_0305,2025-10-18 18:40:00,2025-10-18 18:42:00,2,EMP002,未添加,留学,中国,客户希望尽快安排
INQ00472,CUS0305,2025-10-25,主动咨询,POST0014,ACC001,user_0305,2025-10-25 14:40:00,2025-10-25 14:50:00,10,EMP002,已添加,DELE,德国,
INQ00473,CUS0306,2025-07-05,主动咨询,POST0056,ACC001,user_0306,2025-07-05 17:20:00,2025-07-05 17:29:00,9,EMP001,已添加,口语,新加坡,
INQ00474,CUS0307,2026-06-18,回访,POST0043,ACC002,user_0307,2026-06-18 17:20:00,2026-06-18 17:47:00,27,EMP001,待添加,留学,德国,
INQ00475,CUS0307,2026-06-21,主动评论,POST0027,ACC004,user_0307,2026-06-21 17:50:00,2026-06-21 18:04:00,14,EMP001,未添加,零基础,美国,
INQ00476,CUS0308,2026-02-02,回访,,ACC001,user_0308,2026-02-02 09:00:00,2026-02-02 09:06:00,6,EMP002,已添加,口语,德国,
INQ00477,CUS0308,2026-03-14,主动咨询,POST0050,ACC003,user_0308,2026-03-14 16:10:00,2026-03-14 16:27:00,17,EMP002,未添加,零基础,澳大利亚,
INQ00478,CUS0309,2026-05-12,主动咨询,,ACC003,user_0309,2026-05-12 10:40:00,2026-05-12 10:52:00,12,EMP001,待添加,零基础,德国,
INQ00479,CUS0310,2026-07-21,主动咨询,POST0072,ACC003,user_0310,2026-07-21 14:50:00,2026-07-21 14:57:00,7,EMP002,待添加,小孩课程,新加坡,
INQ00480,CUS0310,2026-08-25,回访,,ACC002,user_0310,2026-08-25 11:40:00,2026-08-25 11:49:00,9,EMP002,未添加,零基础,美国,
INQ00481,CUS0310,2026-08-31,被动私信,POST0022,ACC001,user_0310,2026-08-31 19:40:00,2026-08-31 20:02:00,22,EMP002,未添加,B2,西班牙,客户希望尽快安排
INQ00482,CUS0311,2025-09-28,主动咨询,,ACC003,user_0311,2025-09-28 17:10:00,2025-09-28 17:15:00,5,EMP003,已添加,DELE,中国,
INQ00483,CUS0312,2025-09-03,被动私信,POST0093,ACC002,user_0312,2025-09-03 14:10:00,2025-09-03 14:19:00,9,EMP003,已添加,小孩课程,英国,客户希望尽快安排
INQ00484,CUS0313,2025-12-04,主动咨询,POST0059,ACC002,user_0313,2025-12-04 11:50:00,2025-12-04 12:00:00,10,EMP003,未添加,小孩课程,澳大利亚,
INQ00485,CUS0313,2025-12-26,主动咨询,POST0026,ACC003,user_0313,2025-12-26 10:30:00,2025-12-26 11:04:00,34,EMP003,已添加,B2,西班牙,
INQ00486,CUS0313,2025-12-29,主动咨询,POST0029,ACC001,user_0313,2025-12-29 11:30:00,2025-12-29 11:46:00,16,EMP003,待添加,小孩课程,加拿大,
INQ00487,CUS0314,2025-10-05,回访,POST0068,ACC003,user_0314,2025-10-05 17:30:00,2025-10-05 17:34:00,4,EMP001,已添加,口语,德国,
INQ00488,CUS0314,2025-10-18,被动私信,POST0016,ACC004,user_0314,2025-10-18 17:00:00,2025-10-18 17:13:00,13,EMP001,已添加,口语,中国,
INQ00489,CUS0315,2025-05-21,回访,POST0033,ACC002,user_0315,2025-05-21 15:00:00,2025-05-21 15:23:00,23,EMP003,已添加,口语,新加坡,
INQ00490,CUS0316,2026-02-07,主动评论,POST0027,ACC004,user_0316,2026-02-07 16:00:00,2026-02-07 18:50:00,170,EMP002,已添加,口语,德国,
INQ00491,CUS0316,2026-03-18,主动咨询,POST0093,ACC002,user_0316,2026-03-18 15:50:00,2026-03-18 16:55:00,65,EMP002,已添加,口语,中国,客户希望尽快安排
INQ00492,CUS0317,2026-01-11,被动私信,POST0107,ACC003,user_0317,2026-01-11 18:50:00,2026-01-11 19:04:00,14,EMP002,已添加,DELE,加拿大,客户希望尽快安排
INQ00493,CUS0317,2026-02-23,回访,,ACC004,user_0317,2026-02-23 20:30:00,2026-02-23 20:45:00,15,EMP002,已添加,B2,新加坡,
INQ00494,CUS0318,2025-10-19,主动评论,,ACC001,user_0318,2025-10-19 18:50:00,2025-10-19 19:13:00,23,EMP003,未添加,零基础,新加坡,
INQ00495,CUS0319,2026-02-21,主动评论,POST0101,ACC003,user_0319,2026-02-21 18:50:00,2026-02-21 19:46:00,56,EMP001,已添加,口语,澳大利亚,客户希望尽快安排
INQ00496,CUS0319,2026-03-24,主动咨询,POST0070,ACC003,user_0319,2026-03-24 09:50:00,2026-03-24 10:03:00,13,EMP001,已添加,留学,加拿大,
INQ00497,CUS0320,2025-08-24,主动咨询,,ACC003,user_0320,2025-08-24 18:20:00,2025-08-24 18:43:00,23,EMP001,已添加,留学,英国,客户希望尽快安排
INQ00498,CUS0321,2026-07-23,主动咨询,POST0080,ACC003,user_0321,2026-07-23 10:40:00,2026-07-23 10:44:00,4,EMP003,待添加,留学,英国,
INQ00499,CUS0322,2025-06-23,主动评论,,ACC003,user_0322,2025-06-23 10:00:00,2025-06-23 10:19:00,19,EMP001,未添加,小孩课程,德国,客户希望尽快安排
INQ00500,CUS0323,2025-03-31,主动咨询,POST0109,ACC001,user_0323,2025-03-31 11:30:00,2025-03-31 11:44:00,14,EMP001,已添加,DELE,加拿大,
INQ00501,CUS0323,2025-04-23,主动咨询,POST0026,ACC003,user_0323,2025-04-23 11:00:00,2025-04-23 15:58:00,298,EMP001,已添加,留学,加拿大,客户希望尽快安排
INQ00502,CUS0324,2025-10-24,主动咨询,POST0023,ACC001,user_0324,2025-10-24 14:00:00,2025-10-24 14:04:00,4,EMP001,未添加,小孩课程,新加坡,
INQ00503,CUS0325,2026-02-22,主动咨询,POST0034,ACC001,user_0325,2026-02-22 14:20:00,2026-02-22 14:26:00,6,EMP001,已添加,DELE,中国,
INQ00504,CUS0326,2025-06-15,主动咨询,POST0049,ACC002,user_0326,2025-06-15 10:00:00,2025-06-15 10:29:00,29,EMP003,未添加,小孩课程,美国,客户希望尽快安排
INQ00505,CUS0327,2025-10-21,被动私信,POST0034,ACC001,user_0327,2025-10-21 18:10:00,2025-10-21 18:18:00,8,EMP002,待添加,小孩课程,新加坡,客户希望尽快安排
INQ00506,CUS0328,2026-01-23,主动评论,POST0092,ACC002,user_0328,2026-01-23 11:50:00,2026-01-23 12:16:00,26,EMP002,待添加,零基础,西班牙,
INQ00507,CUS0328,2026-02-08,回访,POST0024,ACC003,user_0328,2026-02-08 18:00:00,2026-02-08 18:11:00,11,EMP002,已添加,零基础,加拿大,
INQ00508,CUS0329,2026-07-11,被动私信,POST0044,ACC001,user_0329,2026-07-11 14:20:00,2026-07-11 14:27:00,7,EMP002,已添加,小孩课程,新加坡,客户希望尽快安排
INQ00509,CUS0330,2025-08-17,回访,POST0100,ACC002,user_0330,2025-08-17 11:20:00,2025-08-17 11:26:00,6,EMP003,已添加,小孩课程,新加坡,
INQ00510,CUS0331,2025-07-30,主动咨询,POST0024,ACC003,user_0331,2025-07-30 14:10:00,2025-07-30 14:19:00,9,EMP001,待添加,小孩课程,英国,
INQ00511,CUS0331,2025-08-27,回访,POST0117,ACC001,user_0331,2025-08-27 20:00:00,2025-08-27 20:19:00,19,EMP001,已添加,口语,澳大利亚,
INQ00512,CUS0331,2025-09-13,回访,POST0113,ACC003,user_0331,2025-09-13 17:00:00,2025-09-13 17:16:00,16,EMP001,已添加,零基础,英国,
INQ00513,CUS0332,2025-03-20,主动评论,POST0004,ACC002,user_0332,2025-03-20 11:20:00,2025-03-20 11:38:00,18,EMP001,已添加,DELE,新加坡,
INQ00514,CUS0332,2025-04-07,主动咨询,,ACC002,user_0332,2025-04-07 19:50:00,2025-04-07 19:55:00,5,EMP001,未添加,DELE,西班牙,
INQ00515,CUS0333,2026-08-07,主动咨询,POST0057,ACC003,user_0333,2026-08-07 09:50:00,2026-08-07 10:03:00,13,EMP002,已添加,DELE,新加坡,
INQ00516,CUS0333,2026-08-09,主动咨询,POST0083,ACC001,user_0333,2026-08-09 09:40:00,2026-08-09 09:59:00,19,EMP002,已添加,小孩课程,西班牙,客户希望尽快安排
INQ00517,CUS0333,2026-08-31,被动私信,POST0077,ACC002,user_0333,2026-08-31 14:40:00,2026-08-31 14:46:00,6,EMP002,已添加,口语,英国,
INQ00518,CUS0334,2026-06-16,主动咨询,POST0060,ACC001,user_0334,2026-06-16 15:20:00,2026-06-16 15:40:00,20,EMP003,已添加,小孩课程,新加坡,
INQ00519,CUS0335,2025-05-27,主动咨询,POST0062,ACC002,user_0335,2025-05-27 17:30:00,2025-05-27 17:42:00,12,EMP002,已添加,小孩课程,德国,
INQ00520,CUS0336,2026-03-18,主动咨询,POST0096,ACC002,user_0336,2026-03-18 19:10:00,2026-03-18 19:25:00,15,EMP001,未添加,B2,德国,
INQ00521,CUS0337,2025-12-03,主动咨询,,ACC003,user_0337,2025-12-03 19:10:00,2025-12-03 19:43:00,33,EMP001,未添加,零基础,西班牙,
INQ00522,CUS0337,2025-12-31,主动咨询,POST0079,ACC001,user_0337,2025-12-31 18:30:00,2025-12-31 18:55:00,25,EMP001,已添加,口语,新加坡,
INQ00523,CUS0338,2025-03-30,主动评论,POST0115,ACC004,user_0338,2025-03-30 15:40:00,2025-03-30 16:20:00,40,EMP002,待添加,零基础,澳大利亚,
INQ00524,CUS0339,2025-11-10,被动私信,POST0075,ACC004,user_0339,2025-11-10 16:30:00,2025-11-10 16:41:00,11,EMP001,待添加,小孩课程,新加坡,客户希望尽快安排
INQ00525,CUS0340,2025-07-12,主动评论,POST0054,ACC004,user_0340,2025-07-12 16:50:00,2025-07-12 17:05:00,15,EMP002,未添加,零基础,英国,客户希望尽快安排
INQ00526,CUS0341,2025-06-09,主动咨询,POST0105,ACC004,user_0341,2025-06-09 18:20:00,2025-06-09 18:44:00,24,EMP003,未添加,留学,西班牙,客户希望尽快安排
INQ00527,CUS0342,2026-03-19,主动咨询,,ACC003,user_0342,2026-03-19 14:50:00,2026-03-19 15:12:00,22,EMP002,未添加,小孩课程,德国,客户希望尽快安排
INQ00528,CUS0342,2026-04-07,回访,,ACC002,user_0342,2026-04-07 18:30:00,2026-04-07 18:44:00,14,EMP002,未添加,B2,英国,
INQ00529,CUS0342,2026-05-21,主动评论,,ACC002,user_0342,2026-05-21 18:20:00,2026-05-21 18:33:00,13,EMP002,已添加,留学,加拿大,
INQ00530,CUS0343,2026-01-18,回访,POST0070,ACC003,user_0343,2026-01-18 09:00:00,2026-01-18 09:38:00,38,EMP003,已添加,口语,美国,
INQ00531,CUS0344,2026-05-02,被动私信,POST0077,ACC002,user_0344,2026-05-02 09:30:00,2026-05-02 09:48:00,18,EMP003,未添加,B2,德国,
INQ00532,CUS0344,2026-06-13,主动咨询,POST0066,ACC001,user_0344,2026-06-13 18:50:00,2026-06-13 19:04:00,14,EMP003,未添加,零基础,美国,
INQ00533,CUS0345,2026-04-22,主动咨询,,ACC002,user_0345,2026-04-22 11:40:00,2026-04-22 11:46:00,6,EMP003,已添加,小孩课程,新加坡,
INQ00534,CUS0346,2025-03-01,被动私信,POST0034,ACC001,user_0346,2025-03-01 18:50:00,2025-03-01 19:18:00,28,EMP001,已添加,小孩课程,中国,
INQ00535,CUS0347,2026-03-28,主动咨询,,ACC001,user_0347,2026-03-28 18:20:00,2026-03-28 18:32:00,12,EMP002,已添加,B2,英国,
INQ00536,CUS0348,2025-06-17,主动咨询,,ACC002,user_0348,2025-06-17 20:30:00,2025-06-17 21:05:00,35,EMP003,已添加,零基础,中国,
INQ00537,CUS0349,2025-11-15,主动咨询,POST0050,ACC003,user_0349,2025-11-15 09:50:00,2025-11-15 10:01:00,11,EMP002,已添加,小孩课程,新加坡,客户希望尽快安排
INQ00538,CUS0349,2025-12-02,被动私信,,ACC004,user_0349,2025-12-02 10:30:00,2025-12-02 10:37:00,7,EMP002,未添加,口语,新加坡,
INQ00539,CUS0349,2025-12-17,回访,POST0115,ACC004,user_0349,2025-12-17 09:40:00,2025-12-17 10:05:00,25,EMP002,未添加,留学,英国,
INQ00540,CUS0350,2025-05-17,主动评论,POST0026,ACC003,user_0350,2025-05-17 10:20:00,2025-05-17 10:28:00,8,EMP003,未添加,零基础,英国,客户希望尽快安排
INQ00541,CUS0351,2026-07-26,主动评论,POST0107,ACC003,user_0351,2026-07-26 19:20:00,2026-07-26 19:40:00,20,EMP002,已添加,零基础,中国,
INQ00542,CUS0352,2025-11-04,主动咨询,POST0039,ACC004,user_0352,2025-11-04 18:30:00,2025-11-04 18:54:00,24,EMP003,已添加,零基础,加拿大,
INQ00543,CUS0353,2025-03-23,回访,POST0027,ACC004,user_0353,2025-03-23 10:10:00,2025-03-23 10:34:00,24,EMP001,未添加,DELE,美国,
INQ00544,CUS0354,2026-07-10,主动咨询,POST0035,ACC002,user_0354,2026-07-10 11:10:00,2026-07-10 11:36:00,26,EMP002,已添加,DELE,英国,
INQ00545,CUS0354,2026-08-15,回访,POST0076,ACC002,user_0354,2026-08-15 10:40:00,2026-08-15 10:52:00,12,EMP002,未添加,B2,德国,
INQ00546,CUS0355,2025-03-12,主动咨询,,ACC002,user_0355,2025-03-12 17:00:00,2025-03-12 17:04:00,4,EMP001,待添加,口语,新加坡,
INQ00547,CUS0355,2025-03-23,主动评论,POST0097,ACC004,user_0355,2025-03-23 14:30:00,2025-03-23 14:38:00,8,EMP001,已添加,口语,西班牙,客户希望尽快安排
INQ00548,CUS0356,2026-03-04,回访,POST0068,ACC003,user_0356,2026-03-04 18:10:00,2026-03-04 18:25:00,15,EMP001,未添加,口语,西班牙,
INQ00549,CUS0356,2026-03-21,主动评论,POST0111,ACC003,user_0356,2026-03-21 17:50:00,2026-03-21 18:05:00,15,EMP001,已添加,B2,西班牙,
INQ00550,CUS0357,2026-02-07,被动私信,POST0120,ACC001,user_0357,2026-02-07 20:40:00,2026-02-08 00:52:00,252,EMP003,已添加,零基础,美国,
INQ00551,CUS0358,2025-12-31,回访,POST0036,ACC002,user_0358,2025-12-31 19:20:00,2025-12-31 19:22:00,2,EMP002,未添加,小孩课程,德国,客户希望尽快安排
INQ00552,CUS0358,2026-02-08,主动咨询,POST0073,ACC003,user_0358,2026-02-08 09:40:00,2026-02-08 10:06:00,26,EMP002,已添加,小孩课程,西班牙,
INQ00553,CUS0358,2026-02-22,主动咨询,POST0041,ACC004,user_0358,2026-02-22 20:30:00,2026-02-22 20:44:00,14,EMP002,已添加,口语,英国,
INQ00554,CUS0359,2026-04-16,主动咨询,POST0041,ACC004,user_0359,2026-04-16 16:10:00,2026-04-16 16:15:00,5,EMP001,已添加,口语,英国,客户希望尽快安排
INQ00555,CUS0360,2026-05-01,主动咨询,POST0020,ACC004,user_0360,2026-05-01 11:30:00,2026-05-01 11:34:00,4,EMP002,已添加,零基础,新加坡,
INQ00556,CUS0361,2025-09-24,主动咨询,POST0001,ACC002,user_0361,2025-09-24 11:40:00,2025-09-24 12:17:00,37,EMP001,已添加,DELE,西班牙,
INQ00557,CUS0362,2025-03-29,主动咨询,POST0028,ACC003,user_0362,2025-03-29 14:00:00,2025-03-29 14:12:00,12,EMP002,已添加,零基础,西班牙,
INQ00558,CUS0362,2025-04-09,被动私信,POST0022,ACC001,user_0362,2025-04-09 16:10:00,2025-04-09 16:47:00,37,EMP002,已添加,小孩课程,新加坡,
INQ00559,CUS0363,2025-06-19,回访,POST0088,ACC001,user_0363,2025-06-19 16:20:00,2025-06-19 16:37:00,17,EMP003,未添加,B2,澳大利亚,客户希望尽快安排
INQ00560,CUS0363,2025-07-14,主动咨询,POST0042,ACC003,user_0363,2025-07-14 20:00:00,2025-07-14 20:12:00,12,EMP003,已添加,DELE,澳大利亚,
INQ00561,CUS0363,2025-07-26,主动评论,,ACC001,user_0363,2025-07-26 11:50:00,2025-07-26 11:54:00,4,EMP003,已添加,留学,澳大利亚,
INQ00562,CUS0364,2025-09-22,主动咨询,POST0012,ACC004,user_0364,2025-09-22 16:50:00,2025-09-22 17:02:00,12,EMP001,待添加,小孩课程,西班牙,
INQ00563,CUS0365,2025-06-12,被动私信,POST0028,ACC003,user_0365,2025-06-12 14:50:00,2025-06-12 18:09:00,199,EMP003,已添加,零基础,中国,
INQ00564,CUS0366,2026-03-09,主动咨询,POST0027,ACC004,user_0366,2026-03-09 19:10:00,2026-03-09 19:29:00,19,EMP003,未添加,口语,加拿大,
INQ00565,CUS0366,2026-03-15,被动私信,POST0020,ACC004,user_0366,2026-03-15 17:40:00,2026-03-15 18:11:00,31,EMP003,待添加,小孩课程,德国,客户希望尽快安排
INQ00566,CUS0367,2025-05-28,主动咨询,POST0072,ACC003,user_0367,2025-05-28 11:30:00,2025-05-28 11:45:00,15,EMP002,已添加,留学,新加坡,客户希望尽快安排
INQ00567,CUS0368,2026-05-01,主动评论,POST0106,ACC002,user_0368,2026-05-01 09:20:00,2026-05-01 09:29:00,9,EMP001,已添加,零基础,加拿大,
INQ00568,CUS0368,2026-05-12,回访,,ACC002,user_0368,2026-05-12 09:30:00,2026-05-12 09:34:00,4,EMP001,已添加,口语,英国,
INQ00569,CUS0368,2026-06-17,主动咨询,,ACC004,user_0368,2026-06-17 09:40:00,2026-06-17 09:59:00,19,EMP001,已添加,B2,西班牙,客户希望尽快安排
INQ00570,CUS0369,2025-07-08,被动私信,POST0024,ACC003,user_0369,2025-07-08 09:30:00,2025-07-08 09:35:00,5,EMP001,已添加,口语,西班牙,客户希望尽快安排
INQ00571,CUS0370,2025-06-21,主动咨询,POST0113,ACC003,user_0370,2025-06-21 18:00:00,2025-06-21 18:14:00,14,EMP001,已添加,小孩课程,新加坡,
INQ00572,CUS0370,2025-06-24,主动评论,POST0039,ACC004,user_0370,2025-06-24 17:10:00,2025-06-24 17:36:00,26,EMP001,已添加,零基础,德国,
INQ00573,CUS0371,2025-10-21,回访,POST0032,ACC002,user_0371,2025-10-21 17:20:00,2025-10-21 17:46:00,26,EMP001,已添加,B2,美国,客户希望尽快安排
INQ00574,CUS0372,2025-08-30,主动评论,POST0086,ACC004,user_0372,2025-08-30 11:00:00,2025-08-30 11:16:00,16,EMP003,已添加,口语,中国,
INQ00575,CUS0372,2025-10-11,被动私信,POST0010,ACC004,user_0372,2025-10-11 16:50:00,2025-10-11 17:35:00,45,EMP003,已添加,留学,西班牙,
INQ00576,CUS0373,2025-04-04,主动咨询,POST0106,ACC002,user_0373,2025-04-04 10:10:00,2025-04-04 10:38:00,28,EMP003,未添加,B2,中国,
INQ00577,CUS0374,2025-12-14,被动私信,POST0033,ACC002,user_0374,2025-12-14 18:50:00,2025-12-14 18:52:00,2,EMP003,未添加,留学,德国,客户希望尽快安排
INQ00578,CUS0375,2026-05-05,主动咨询,POST0076,ACC002,user_0375,2026-05-05 17:10:00,2026-05-05 17:28:00,18,EMP002,已添加,小孩课程,加拿大,
INQ00579,CUS0376,2026-08-09,主动评论,POST0040,ACC004,user_0376,2026-08-09 16:40:00,2026-08-09 21:09:00,269,EMP001,未添加,口语,西班牙,
INQ00580,CUS0376,2026-08-27,主动评论,POST0116,ACC001,user_0376,2026-08-27 11:20:00,2026-08-27 11:33:00,13,EMP001,未添加,小孩课程,英国,客户希望尽快安排
INQ00581,CUS0376,2026-08-31,主动评论,POST0073,ACC003,user_0376,2026-08-31 19:50:00,2026-08-31 20:06:00,16,EMP001,未添加,B2,中国,
INQ00582,CUS0377,2025-08-22,主动咨询,POST0003,ACC001,user_0377,2025-08-22 14:10:00,2025-08-22 14:36:00,26,EMP003,已添加,小孩课程,新加坡,
INQ00583,CUS0378,2026-06-13,主动咨询,POST0072,ACC003,user_0378,2026-06-13 18:50:00,2026-06-13 18:55:00,5,EMP001,已添加,B2,美国,客户希望尽快安排
INQ00584,CUS0378,2026-07-06,主动咨询,POST0001,ACC002,user_0378,2026-07-06 14:40:00,2026-07-06 15:02:00,22,EMP001,已添加,DELE,西班牙,
INQ00585,CUS0379,2026-05-02,主动咨询,POST0062,ACC002,user_0379,2026-05-02 09:00:00,2026-05-02 09:25:00,25,EMP003,未添加,小孩课程,加拿大,客户希望尽快安排
INQ00586,CUS0379,2026-06-11,回访,,ACC004,user_0379,2026-06-11 19:30:00,2026-06-12 00:04:00,274,EMP003,待添加,口语,英国,
INQ00587,CUS0380,2025-10-06,主动咨询,POST0078,ACC001,user_0380,2025-10-06 11:10:00,2025-10-06 11:23:00,13,EMP002,已添加,小孩课程,美国,
INQ00588,CUS0380,2025-10-13,主动评论,POST0026,ACC003,user_0380,2025-10-13 19:20:00,2025-10-13 19:27:00,7,EMP002,已添加,小孩课程,英国,客户希望尽快安排
INQ00589,CUS0380,2025-10-16,被动私信,,ACC001,user_0380,2025-10-16 19:00:00,2025-10-16 19:35:00,35,EMP002,已添加,零基础,中国,客户希望尽快安排
INQ00590,CUS0381,2026-05-31,主动评论,POST0037,ACC002,user_0381,2026-05-31 19:30:00,2026-05-31 19:45:00,15,EMP001,待添加,口语,加拿大,客户希望尽快安排
INQ00591,CUS0381,2026-07-05,主动咨询,POST0118,ACC004,user_0381,2026-07-05 20:00:00,2026-07-05 20:20:00,20,EMP001,已添加,零基础,德国,
INQ00592,CUS0381,2026-07-29,主动咨询,POST0082,ACC003,user_0381,2026-07-29 19:30:00,2026-07-29 19:44:00,14,EMP001,未添加,小孩课程,中国,
INQ00593,CUS0382,2025-07-13,主动咨询,POST0015,ACC002,user_0382,2025-07-13 09:20:00,2025-07-13 09:39:00,19,EMP002,已添加,零基础,新加坡,
INQ00594,CUS0382,2025-07-30,主动咨询,POST0118,ACC004,user_0382,2025-07-30 14:00:00,2025-07-30 14:41:00,41,EMP002,已添加,零基础,美国,
INQ00595,CUS0383,2026-01-15,主动咨询,POST0028,ACC003,user_0383,2026-01-15 17:00:00,2026-01-15 17:16:00,16,EMP002,已添加,小孩课程,德国,
INQ00596,CUS0384,2026-01-30,被动私信,POST0114,ACC003,user_0384,2026-01-30 15:20:00,2026-01-30 15:32:00,12,EMP002,已添加,小孩课程,西班牙,
INQ00597,CUS0384,2026-02-05,主动咨询,POST0017,ACC001,user_0384,2026-02-05 11:50:00,2026-02-05 14:46:00,176,EMP002,已添加,小孩课程,新加坡,客户希望尽快安排
INQ00598,CUS0384,2026-03-05,被动私信,,ACC003,user_0384,2026-03-05 09:40:00,2026-03-05 09:52:00,12,EMP002,已添加,零基础,澳大利亚,
INQ00599,CUS0385,2026-06-15,被动私信,,ACC003,user_0385,2026-06-15 16:20:00,2026-06-15 16:38:00,18,EMP003,已添加,零基础,德国,
INQ00600,CUS0386,2026-07-23,被动私信,POST0116,ACC001,user_0386,2026-07-23 20:50:00,2026-07-23 20:54:00,4,EMP003,待添加,口语,新加坡,
INQ00601,CUS0386,2026-08-26,主动咨询,POST0103,ACC002,user_0386,2026-08-26 18:20:00,2026-08-26 18:27:00,7,EMP003,已添加,口语,美国,
INQ00602,CUS0387,2025-09-12,主动咨询,POST0022,ACC001,user_0387,2025-09-12 20:30:00,2025-09-12 20:32:00,2,EMP003,已添加,B2,加拿大,
INQ00603,CUS0388,2025-03-24,主动咨询,POST0016,ACC004,user_0388,2025-03-24 17:30:00,2025-03-24 21:01:00,211,EMP003,已添加,小孩课程,英国,
INQ00604,CUS0388,2025-05-03,被动私信,POST0093,ACC002,user_0388,2025-05-03 17:10:00,2025-05-03 17:28:00,18,EMP003,已添加,B2,英国,客户希望尽快安排
INQ00605,CUS0389,2026-04-14,主动咨询,POST0047,ACC004,user_0389,2026-04-14 20:10:00,2026-04-14 20:16:00,6,EMP001,已添加,小孩课程,美国,
INQ00606,CUS0390,2025-11-14,被动私信,POST0001,ACC002,user_0390,2025-11-14 19:00:00,2025-11-14 19:45:00,45,EMP003,已添加,小孩课程,加拿大,
INQ00607,CUS0390,2025-12-19,主动咨询,POST0108,ACC003,user_0390,2025-12-19 18:50:00,2025-12-19 19:04:00,14,EMP003,已添加,B2,新加坡,客户希望尽快安排
INQ00608,CUS0391,2026-04-20,主动咨询,POST0013,ACC003,user_0391,2026-04-20 19:20:00,2026-04-20 19:39:00,19,EMP001,未添加,零基础,美国,
INQ00609,CUS0391,2026-05-02,回访,,ACC003,user_0391,2026-05-02 11:10:00,2026-05-02 11:26:00,16,EMP001,已添加,小孩课程,中国,
INQ00610,CUS0392,2025-12-16,主动咨询,,ACC003,user_0392,2025-12-16 16:30:00,2025-12-16 16:38:00,8,EMP003,已添加,零基础,新加坡,
INQ00611,CUS0392,2026-01-22,被动私信,,ACC001,user_0392,2026-01-22 15:30:00,2026-01-22 15:48:00,18,EMP003,已添加,DELE,中国,
INQ00612,CUS0393,2025-04-29,主动咨询,,ACC004,user_0393,2025-04-29 18:50:00,2025-04-29 19:12:00,22,EMP002,未添加,留学,美国,
INQ00613,CUS0393,2025-05-31,主动咨询,POST0070,ACC003,user_0393,2025-05-31 10:10:00,2025-05-31 10:38:00,28,EMP002,已添加,口语,新加坡,
INQ00614,CUS0394,2026-03-27,主动咨询,,ACC002,user_0394,2026-03-27 14:50:00,2026-03-27 14:57:00,7,EMP001,未添加,零基础,英国,客户希望尽快安排
INQ00615,CUS0394,2026-04-25,主动评论,POST0106,ACC002,user_0394,2026-04-25 15:00:00,2026-04-25 15:12:00,12,EMP001,已添加,小孩课程,美国,
INQ00616,CUS0394,2026-05-23,被动私信,POST0029,ACC001,user_0394,2026-05-23 15:40:00,2026-05-23 15:57:00,17,EMP001,已添加,小孩课程,澳大利亚,
INQ00617,CUS0395,2025-07-28,主动咨询,POST0028,ACC003,user_0395,2025-07-28 17:30:00,2025-07-28 17:43:00,13,EMP003,未添加,口语,英国,
INQ00618,CUS0396,2025-05-19,回访,POST0005,ACC003,user_0396,2025-05-19 10:20:00,2025-05-19 10:55:00,35,EMP003,已添加,零基础,西班牙,客户希望尽快安排
INQ00619,CUS0397,2026-03-30,主动咨询,POST0016,ACC004,user_0397,2026-03-30 20:20:00,2026-03-30 20:33:00,13,EMP001,待添加,DELE,加拿大,客户希望尽快安排
INQ00620,CUS0398,2026-06-10,主动咨询,POST0037,ACC002,user_0398,2026-06-10 18:40:00,2026-06-10 22:22:00,222,EMP002,未添加,口语,德国,客户希望尽快安排
INQ00621,CUS0399,2025-11-25,主动咨询,POST0074,ACC001,user_0399,2025-11-25 19:00:00,2025-11-25 19:15:00,15,EMP002,已添加,零基础,新加坡,
INQ00622,CUS0400,2026-04-10,主动咨询,POST0018,ACC004,user_0400,2026-04-10 17:20:00,2026-04-10 17:45:00,25,EMP001,已添加,零基础,加拿大,
INQ00623,CUS0400,2026-05-24,被动私信,POST0109,ACC001,user_0400,2026-05-24 14:30:00,2026-05-24 14:38:00,8,EMP001,已添加,小孩课程,西班牙,
INQ00624,CUS0401,2026-02-12,主动咨询,POST0083,ACC001,user_0401,2026-02-12 11:30:00,2026-02-12 12:02:00,32,EMP003,已添加,B2,德国,
INQ00625,CUS0401,2026-03-24,回访,POST0017,ACC001,user_0401,2026-03-24 16:30:00,2026-03-24 21:33:00,303,EMP003,未添加,零基础,澳大利亚,
INQ00626,CUS0402,2025-11-20,主动咨询,POST0066,ACC001,user_0402,2025-11-20 19:10:00,2025-11-20 19:23:00,13,EMP001,已添加,B2,新加坡,
INQ00627,CUS0403,2025-11-15,主动咨询,POST0100,ACC002,user_0403,2025-11-15 19:10:00,2025-11-15 19:18:00,8,EMP002,已添加,零基础,加拿大,客户希望尽快安排
INQ00628,CUS0404,2025-07-12,被动私信,POST0002,ACC001,user_0404,2025-07-12 20:30:00,2025-07-12 20:35:00,5,EMP003,已添加,留学,中国,
INQ00629,CUS0405,2025-04-23,主动咨询,POST0078,ACC001,user_0405,2025-04-23 20:40:00,2025-04-23 21:00:00,20,EMP003,未添加,B2,德国,
INQ00630,CUS0406,2025-08-07,回访,,ACC004,user_0406,2025-08-07 15:50:00,2025-08-07 16:26:00,36,EMP003,已添加,B2,澳大利亚,客户希望尽快安排
INQ00631,CUS0406,2025-08-15,主动咨询,,ACC002,user_0406,2025-08-15 11:40:00,2025-08-15 19:55:00,495,EMP003,已添加,小孩课程,美国,
INQ00632,CUS0407,2025-08-19,被动私信,POST0018,ACC004,user_0407,2025-08-19 17:30:00,2025-08-19 17:50:00,20,EMP003,未添加,口语,中国,
INQ00633,CUS0408,2026-02-03,主动评论,POST0024,ACC003,user_0408,2026-02-03 20:00:00,2026-02-03 20:04:00,4,EMP003,未添加,零基础,英国,
INQ00634,CUS0408,2026-03-04,主动咨询,,ACC003,user_0408,2026-03-04 09:30:00,2026-03-04 09:36:00,6,EMP003,未添加,口语,英国,
INQ00635,CUS0409,2026-03-31,被动私信,POST0049,ACC002,user_0409,2026-03-31 18:00:00,2026-03-31 18:09:00,9,EMP001,待添加,B2,美国,
INQ00636,CUS0410,2026-01-13,被动私信,POST0118,ACC004,user_0410,2026-01-13 17:20:00,2026-01-13 17:39:00,19,EMP003,待添加,B2,英国,客户希望尽快安排
INQ00637,CUS0411,2025-03-01,主动评论,POST0097,ACC004,user_0411,2025-03-01 09:30:00,2025-03-01 09:49:00,19,EMP002,已添加,口语,美国,
INQ00638,CUS0411,2025-03-12,主动咨询,POST0099,ACC004,user_0411,2025-03-12 18:50:00,2025-03-12 19:00:00,10,EMP002,待添加,零基础,新加坡,
INQ00639,CUS0411,2025-03-27,被动私信,POST0020,ACC004,user_0411,2025-03-27 15:00:00,2025-03-27 15:06:00,6,EMP002,未添加,DELE,澳大利亚,
INQ00640,CUS0412,2026-08-05,主动咨询,POST0085,ACC001,user_0412,2026-08-05 10:50:00,2026-08-05 11:00:00,10,EMP002,已添加,B2,新加坡,
INQ00641,CUS0412,2026-08-23,主动评论,POST0058,ACC001,user_0412,2026-08-23 14:00:00,2026-08-23 14:19:00,19,EMP002,已添加,B2,英国,
INQ00642,CUS0412,2026-08-26,主动评论,POST0004,ACC002,user_0412,2026-08-26 15:30:00,2026-08-26 16:07:00,37,EMP002,已添加,B2,英国,
INQ00643,CUS0413,2025-10-17,被动私信,POST0094,ACC002,user_0413,2025-10-17 19:30:00,2025-10-17 19:50:00,20,EMP001,未添加,口语,英国,
INQ00644,CUS0414,2025-05-11,主动咨询,POST0075,ACC004,user_0414,2025-05-11 17:30:00,2025-05-11 17:59:00,29,EMP001,未添加,DELE,德国,客户希望尽快安排
INQ00645,CUS0415,2025-11-29,主动评论,POST0103,ACC002,user_0415,2025-11-29 11:40:00,2025-11-29 11:46:00,6,EMP002,已添加,DELE,美国,
INQ00646,CUS0416,2025-05-21,主动评论,POST0011,ACC004,user_0416,2025-05-21 14:30:00,2025-05-21 14:42:00,12,EMP003,已添加,零基础,德国,
INQ00647,CUS0417,2026-06-29,主动咨询,POST0006,ACC004,user_0417,2026-06-29 10:20:00,2026-06-29 18:28:00,488,EMP003,已添加,口语,中国,
INQ00648,CUS0417,2026-07-09,主动评论,POST0035,ACC002,user_0417,2026-07-09 17:20:00,2026-07-09 17:31:00,11,EMP003,待添加,零基础,中国,
INQ00649,CUS0418,2025-10-24,被动私信,POST0093,ACC002,user_0418,2025-10-24 19:00:00,2025-10-24 19:13:00,13,EMP003,已添加,零基础,中国,
INQ00650,CUS0419,2026-04-28,回访,POST0065,ACC004,user_0419,2026-04-28 20:40:00,2026-04-28 20:56:00,16,EMP003,未添加,DELE,德国,
INQ00651,CUS0420,2025-09-25,主动咨询,POST0038,ACC003,user_0420,2025-09-25 14:40:00,2025-09-25 14:54:00,14,EMP002,已添加,小孩课程,新加坡,客户希望尽快安排
INQ00652,CUS0421,2026-07-16,主动咨询,,ACC004,user_0421,2026-07-16 15:10:00,2026-07-16 15:19:00,9,EMP001,已添加,口语,澳大利亚,
INQ00653,CUS0422,2026-06-07,主动咨询,POST0040,ACC004,user_0422,2026-06-07 18:00:00,2026-06-07 18:03:00,3,EMP001,已添加,小孩课程,中国,
INQ00654,CUS0422,2026-06-27,主动咨询,,ACC003,user_0422,2026-06-27 10:00:00,2026-06-27 10:46:00,46,EMP001,未添加,零基础,美国,客户希望尽快安排
INQ00655,CUS0423,2026-08-06,回访,POST0083,ACC001,user_0423,2026-08-06 19:30:00,2026-08-06 19:42:00,12,EMP002,已添加,B2,德国,
INQ00656,CUS0424,2025-08-27,回访,,ACC003,user_0424,2025-08-27 11:20:00,2025-08-27 11:36:00,16,EMP002,待添加,小孩课程,英国,客户希望尽快安排
INQ00657,CUS0425,2026-01-03,主动评论,,ACC004,user_0425,2026-01-03 18:00:00,2026-01-03 21:48:00,228,EMP002,已添加,口语,加拿大,
INQ00658,CUS0425,2026-01-07,主动评论,POST0065,ACC004,user_0425,2026-01-07 20:40:00,2026-01-07 20:48:00,8,EMP002,已添加,口语,西班牙,客户希望尽快安排
INQ00659,CUS0425,2026-02-15,被动私信,POST0109,ACC001,user_0425,2026-02-15 17:40:00,2026-02-15 17:58:00,18,EMP002,已添加,B2,新加坡,客户希望尽快安排
INQ00660,CUS0426,2026-07-23,回访,POST0113,ACC003,user_0426,2026-07-23 19:00:00,2026-07-23 23:41:00,281,EMP003,未添加,DELE,西班牙,客户希望尽快安排
INQ00661,CUS0427,2026-04-13,回访,POST0107,ACC003,user_0427,2026-04-13 14:50:00,2026-04-13 15:09:00,19,EMP001,未添加,留学,美国,客户希望尽快安排
INQ00662,CUS0428,2026-02-15,被动私信,POST0112,ACC004,user_0428,2026-02-15 16:50:00,2026-02-15 17:21:00,31,EMP002,已添加,小孩课程,美国,
INQ00663,CUS0429,2025-12-05,主动咨询,POST0109,ACC001,user_0429,2025-12-05 11:30:00,2025-12-05 16:51:00,321,EMP003,待添加,留学,德国,客户希望尽快安排
INQ00664,CUS0430,2025-11-24,主动咨询,POST0106,ACC002,user_0430,2025-11-24 20:10:00,2025-11-24 20:44:00,34,EMP001,已添加,B2,澳大利亚,
INQ00665,CUS0430,2025-12-09,主动咨询,POST0074,ACC001,user_0430,2025-12-09 09:40:00,2025-12-09 09:49:00,9,EMP001,已添加,DELE,英国,
INQ00666,CUS0430,2025-12-20,回访,POST0001,ACC002,user_0430,2025-12-20 17:00:00,2025-12-20 17:16:00,16,EMP001,未添加,小孩课程,西班牙,客户希望尽快安排
INQ00667,CUS0431,2025-04-11,主动评论,POST0084,ACC002,user_0431,2025-04-11 18:50:00,2025-04-11 19:06:00,16,EMP002,已添加,小孩课程,新加坡,
INQ00668,CUS0432,2025-09-11,主动咨询,POST0070,ACC003,user_0432,2025-09-11 14:30:00,2025-09-11 14:51:00,21,EMP003,已添加,零基础,澳大利亚,
INQ00669,CUS0432,2025-10-10,主动咨询,POST0085,ACC001,user_0432,2025-10-10 20:40:00,2025-10-10 20:52:00,12,EMP003,未添加,B2,新加坡,
INQ00670,CUS0432,2025-10-30,被动私信,,ACC004,user_0432,2025-10-30 16:00:00,2025-10-30 16:07:00,7,EMP003,未添加,小孩课程,澳大利亚,
INQ00671,CUS0433,2026-02-04,被动私信,POST0094,ACC002,user_0433,2026-02-04 20:10:00,2026-02-04 20:25:00,15,EMP001,待添加,零基础,德国,
INQ00672,CUS0433,2026-02-17,主动咨询,POST0056,ACC001,user_0433,2026-02-17 16:00:00,2026-02-17 16:39:00,39,EMP001,待添加,口语,德国,客户希望尽快安排
INQ00673,CUS0433,2026-04-01,主动咨询,POST0107,ACC003,user_0433,2026-04-01 10:10:00,2026-04-01 10:22:00,12,EMP001,已添加,口语,英国,
INQ00674,CUS0434,2025-03-30,主动咨询,POST0117,ACC001,user_0434,2025-03-30 19:00:00,2025-03-30 19:09:00,9,EMP002,已添加,留学,西班牙,
INQ00675,CUS0435,2026-01-23,主动咨询,POST0092,ACC002,user_0435,2026-01-23 17:00:00,2026-01-23 17:21:00,21,EMP003,未添加,DELE,美国,客户希望尽快安排
INQ00676,CUS0435,2026-03-01,主动咨询,POST0027,ACC004,user_0435,2026-03-01 18:50:00,2026-03-01 18:54:00,4,EMP003,未添加,零基础,西班牙,
INQ00677,CUS0435,2026-04-13,被动私信,POST0020,ACC004,user_0435,2026-04-13 16:00:00,2026-04-13 23:09:00,429,EMP003,待添加,DELE,澳大利亚,
INQ00678,CUS0436,2026-03-29,主动评论,POST0075,ACC004,user_0436,2026-03-29 15:00:00,2026-03-29 15:17:00,17,EMP003,已添加,DELE,加拿大,
INQ00679,CUS0436,2026-04-15,主动咨询,POST0022,ACC001,user_0436,2026-04-15 16:00:00,2026-04-15 16:07:00,7,EMP003,已添加,零基础,中国,
INQ00680,CUS0437,2025-10-09,主动咨询,POST0041,ACC004,user_0437,2025-10-09 10:10:00,2025-10-09 10:33:00,23,EMP001,已添加,零基础,中国,
INQ00681,CUS0437,2025-11-07,主动咨询,POST0022,ACC001,user_0437,2025-11-07 16:30:00,2025-11-07 17:02:00,32,EMP001,未添加,小孩课程,中国,
INQ00682,CUS0438,2026-08-03,主动咨询,POST0076,ACC002,user_0438,2026-08-03 20:50:00,2026-08-03 21:01:00,11,EMP002,已添加,DELE,德国,
INQ00683,CUS0439,2026-07-13,被动私信,POST0075,ACC004,user_0439,2026-07-13 10:50:00,2026-07-13 11:07:00,17,EMP001,已添加,留学,德国,
INQ00684,CUS0440,2025-12-02,被动私信,POST0013,ACC003,user_0440,2025-12-02 14:40:00,2025-12-02 14:45:00,5,EMP001,未添加,留学,新加坡,客户希望尽快安排
INQ00685,CUS0441,2026-03-30,主动咨询,POST0114,ACC003,user_0441,2026-03-30 11:10:00,2026-03-30 11:55:00,45,EMP003,未添加,DELE,新加坡,
INQ00686,CUS0441,2026-04-19,回访,POST0049,ACC002,user_0441,2026-04-19 16:00:00,2026-04-19 16:14:00,14,EMP003,已添加,小孩课程,加拿大,
INQ00687,CUS0442,2025-12-02,主动评论,POST0102,ACC003,user_0442,2025-12-02 18:50:00,2025-12-02 19:25:00,35,EMP002,已添加,口语,德国,
INQ00688,CUS0443,2026-06-21,主动咨询,POST0036,ACC002,user_0443,2026-06-21 19:30:00,2026-06-21 19:48:00,18,EMP001,已添加,口语,美国,客户希望尽快安排
INQ00689,CUS0444,2025-12-03,主动咨询,POST0030,ACC003,user_0444,2025-12-03 20:30:00,2025-12-03 20:34:00,4,EMP003,已添加,留学,澳大利亚,
INQ00690,CUS0444,2025-12-07,回访,POST0104,ACC004,user_0444,2025-12-07 15:50:00,2025-12-07 15:56:00,6,EMP003,已添加,小孩课程,加拿大,
INQ00691,CUS0445,2026-07-27,被动私信,POST0027,ACC004,user_0445,2026-07-27 09:00:00,2026-07-27 09:55:00,55,EMP002,已添加,零基础,澳大利亚,客户希望尽快安排
INQ00692,CUS0445,2026-07-29,主动评论,POST0036,ACC002,user_0445,2026-07-29 09:20:00,2026-07-29 09:40:00,20,EMP002,已添加,B2,英国,
INQ00693,CUS0445,2026-08-14,主动咨询,POST0086,ACC004,user_0445,2026-08-14 19:40:00,2026-08-14 20:19:00,39,EMP002,已添加,零基础,英国,
INQ00694,CUS0446,2026-01-17,主动评论,POST0069,ACC002,user_0446,2026-01-17 20:40:00,2026-01-17 21:09:00,29,EMP003,已添加,零基础,德国,
INQ00695,CUS0446,2026-02-05,主动咨询,,ACC002,user_0446,2026-02-05 20:00:00,2026-02-05 20:11:00,11,EMP003,已添加,口语,美国,客户希望尽快安排
INQ00696,CUS0446,2026-02-22,被动私信,POST0048,ACC003,user_0446,2026-02-22 19:30:00,2026-02-22 19:38:00,8,EMP003,未添加,零基础,西班牙,客户希望尽快安排
INQ00697,CUS0447,2025-06-22,回访,,ACC001,user_0447,2025-06-22 20:40:00,2025-06-22 20:43:00,3,EMP002,已添加,留学,美国,客户希望尽快安排
INQ00698,CUS0447,2025-07-26,主动咨询,POST0102,ACC003,user_0447,2025-07-26 09:20:00,2025-07-26 09:49:00,29,EMP002,未添加,DELE,德国,
INQ00699,CUS0448,2025-03-09,主动咨询,POST0021,ACC003,user_0448,2025-03-09 10:10:00,2025-03-09 10:29:00,19,EMP002,已添加,零基础,西班牙,客户希望尽快安排
INQ00700,CUS0448,2025-03-16,被动私信,POST0007,ACC003,user_0448,2025-03-16 15:20:00,2025-03-16 15:51:00,31,EMP002,已添加,小孩课程,加拿大,
INQ00701,CUS0448,2025-04-25,主动咨询,POST0114,ACC003,user_0448,2025-04-25 15:00:00,2025-04-25 15:21:00,21,EMP002,已添加,小孩课程,加拿大,客户希望尽快安排
INQ00702,CUS0449,2026-04-26,主动咨询,,ACC002,user_0449,2026-04-26 14:10:00,2026-04-26 14:23:00,13,EMP002,未添加,零基础,加拿大,
INQ00703,CUS0450,2025-03-10,主动评论,POST0046,ACC004,user_0450,2025-03-10 11:10:00,2025-03-10 11:15:00,5,EMP003,已添加,留学,德国,
INQ00704,CUS0451,2025-05-03,主动咨询,POST0002,ACC001,user_0451,2025-05-03 17:40:00,2025-05-03 18:05:00,25,EMP002,未添加,B2,中国,
INQ00705,CUS0451,2025-06-10,回访,POST0008,ACC004,user_0451,2025-06-10 11:30:00,2025-06-10 11:41:00,11,EMP002,已添加,留学,新加坡,
INQ00706,CUS0452,2025-08-01,主动评论,POST0044,ACC001,user_0452,2025-08-01 19:50:00,2025-08-01 20:03:00,13,EMP001,已添加,小孩课程,加拿大,客户希望尽快安排
INQ00707,CUS0452,2025-08-07,主动咨询,POST0037,ACC002,user_0452,2025-08-07 15:00:00,2025-08-08 00:46:00,586,EMP001,已添加,小孩课程,澳大利亚,
INQ00708,CUS0452,2025-08-22,主动咨询,POST0061,ACC003,user_0452,2025-08-22 14:00:00,2025-08-22 14:27:00,27,EMP001,已添加,零基础,美国,客户希望尽快安排
INQ00709,CUS0453,2026-02-06,主动咨询,POST0069,ACC002,user_0453,2026-02-06 18:30:00,2026-02-06 18:35:00,5,EMP001,未添加,小孩课程,加拿大,
INQ00710,CUS0454,2025-09-30,主动咨询,POST0038,ACC003,user_0454,2025-09-30 15:20:00,2025-09-30 15:54:00,34,EMP001,未添加,DELE,新加坡,客户希望尽快安排
INQ00711,CUS0455,2025-07-27,主动咨询,POST0119,ACC003,user_0455,2025-07-27 09:10:00,2025-07-27 09:43:00,33,EMP003,已添加,DELE,中国,客户希望尽快安排
INQ00712,CUS0456,2026-03-24,主动咨询,POST0043,ACC002,user_0456,2026-03-24 10:50:00,2026-03-24 11:23:00,33,EMP003,已添加,零基础,加拿大,客户希望尽快安排
INQ00713,CUS0456,2026-04-29,被动私信,POST0095,ACC003,user_0456,2026-04-29 16:30:00,2026-04-29 16:43:00,13,EMP003,未添加,口语,澳大利亚,
INQ00714,CUS0456,2026-05-15,回访,POST0009,ACC003,user_0456,2026-05-15 14:00:00,2026-05-15 14:16:00,16,EMP003,已添加,小孩课程,西班牙,
INQ00715,CUS0457,2025-07-23,主动咨询,POST0089,ACC004,user_0457,2025-07-23 16:20:00,2025-07-23 16:41:00,21,EMP002,未添加,口语,美国,
INQ00716,CUS0457,2025-08-20,主动咨询,POST0005,ACC003,user_0457,2025-08-20 18:40:00,2025-08-20 18:49:00,9,EMP002,待添加,DELE,西班牙,客户希望尽快安排
INQ00717,CUS0458,2025-10-02,主动咨询,POST0096,ACC002,user_0458,2025-10-02 09:10:00,2025-10-02 09:33:00,23,EMP003,已添加,小孩课程,西班牙,
INQ00718,CUS0459,2025-04-28,被动私信,POST0114,ACC003,user_0459,2025-04-28 16:10:00,2025-04-28 16:21:00,11,EMP003,已添加,口语,英国,
INQ00719,CUS0459,2025-06-03,回访,POST0081,ACC004,user_0459,2025-06-03 20:50:00,2025-06-04 01:36:00,286,EMP003,待添加,DELE,澳大利亚,
INQ00720,CUS0459,2025-06-10,主动咨询,POST0068,ACC003,user_0459,2025-06-10 20:40:00,2025-06-10 21:12:00,32,EMP003,已添加,零基础,澳大利亚,
INQ00721,CUS0460,2025-06-06,主动咨询,POST0012,ACC004,user_0460,2025-06-06 18:50:00,2025-06-06 18:57:00,7,EMP002,已添加,小孩课程,美国,
INQ00722,CUS0461,2025-04-15,主动评论,POST0050,ACC003,user_0461,2025-04-15 18:00:00,2025-04-15 18:14:00,14,EMP001,已添加,零基础,西班牙,客户希望尽快安排
INQ00723,CUS0461,2025-04-23,主动评论,POST0019,ACC001,user_0461,2025-04-23 10:10:00,2025-04-23 10:19:00,9,EMP001,已添加,B2,加拿大,
INQ00724,CUS0462,2026-07-11,主动咨询,POST0101,ACC003,user_0462,2026-07-11 11:10:00,2026-07-11 11:21:00,11,EMP002,已添加,零基础,美国,
INQ00725,CUS0462,2026-07-13,主动咨询,POST0026,ACC003,user_0462,2026-07-13 10:30:00,2026-07-13 11:02:00,32,EMP002,已添加,口语,西班牙,
INQ00726,CUS0463,2026-04-06,主动评论,POST0095,ACC003,user_0463,2026-04-06 10:40:00,2026-04-06 10:52:00,12,EMP002,未添加,B2,中国,
INQ00727,CUS0464,2025-05-18,主动咨询,POST0080,ACC003,user_0464,2025-05-18 20:10:00,2025-05-18 20:57:00,47,EMP002,已添加,小孩课程,中国,
INQ00728,CUS0464,2025-06-19,主动咨询,POST0098,ACC003,user_0464,2025-06-19 19:40:00,2025-06-19 22:18:00,158,EMP002,未添加,小孩课程,中国,
INQ00729,CUS0465,2025-11-05,主动咨询,POST0061,ACC003,user_0465,2025-11-05 09:30:00,2025-11-05 09:39:00,9,EMP003,已添加,零基础,中国,
INQ00730,CUS0465,2025-12-15,主动咨询,POST0068,ACC003,user_0465,2025-12-15 15:00:00,2025-12-15 15:14:00,14,EMP003,已添加,口语,英国,
INQ00731,CUS0465,2026-01-17,主动咨询,,ACC003,user_0465,2026-01-17 10:20:00,2026-01-17 10:33:00,13,EMP003,待添加,小孩课程,德国,
INQ00732,CUS0466,2025-05-21,主动评论,POST0081,ACC004,user_0466,2025-05-21 16:20:00,2025-05-21 16:35:00,15,EMP001,已添加,留学,澳大利亚,
INQ00733,CUS0466,2025-05-26,主动咨询,POST0035,ACC002,user_0466,2025-05-26 18:40:00,2025-05-26 19:33:00,53,EMP001,已添加,DELE,新加坡,
INQ00734,CUS0467,2026-05-10,主动咨询,POST0018,ACC004,user_0467,2026-05-10 19:30:00,2026-05-10 20:24:00,54,EMP003,已添加,小孩课程,德国,
INQ00735,CUS0468,2025-09-12,主动评论,POST0008,ACC004,user_0468,2025-09-12 09:30:00,2025-09-12 09:40:00,10,EMP003,未添加,小孩课程,加拿大,客户希望尽快安排
INQ00736,CUS0469,2025-10-01,主动咨询,POST0079,ACC001,user_0469,2025-10-01 18:10:00,2025-10-01 18:16:00,6,EMP002,待添加,B2,西班牙,
INQ00737,CUS0470,2025-10-04,主动咨询,POST0112,ACC004,user_0470,2025-10-04 19:10:00,2025-10-04 19:31:00,21,EMP003,已添加,B2,中国,
INQ00738,CUS0471,2026-06-01,被动私信,,ACC004,user_0471,2026-06-01 17:10:00,2026-06-01 17:32:00,22,EMP003,已添加,DELE,德国,
INQ00739,CUS0472,2025-07-16,主动咨询,POST0049,ACC002,user_0472,2025-07-16 20:00:00,2025-07-16 20:15:00,15,EMP001,未添加,DELE,加拿大,
INQ00740,CUS0473,2025-10-03,主动咨询,POST0058,ACC001,user_0473,2025-10-03 15:30:00,2025-10-03 15:42:00,12,EMP001,已添加,留学,美国,客户希望尽快安排
INQ00741,CUS0473,2025-11-02,被动私信,POST0104,ACC004,user_0473,2025-11-02 11:10:00,2025-11-02 11:26:00,16,EMP001,已添加,留学,英国,客户希望尽快安排
INQ00742,CUS0474,2026-03-07,主动咨询,POST0085,ACC001,user_0474,2026-03-07 17:00:00,2026-03-07 17:06:00,6,EMP002,已添加,零基础,西班牙,客户希望尽快安排
INQ00743,CUS0474,2026-03-21,主动评论,POST0104,ACC004,user_0474,2026-03-21 09:30:00,2026-03-21 09:46:00,16,EMP002,未添加,零基础,美国,
INQ00744,CUS0475,2026-02-19,回访,POST0112,ACC004,user_0475,2026-02-19 09:30:00,2026-02-19 09:50:00,20,EMP001,已添加,零基础,英国,
INQ00745,CUS0475,2026-02-28,被动私信,POST0015,ACC002,user_0475,2026-02-28 16:50:00,2026-02-28 17:15:00,25,EMP001,待添加,DELE,英国,客户希望尽快安排
INQ00746,CUS0476,2025-08-06,主动咨询,POST0046,ACC004,user_0476,2025-08-06 09:10:00,2025-08-06 09:32:00,22,EMP001,未添加,B2,加拿大,
INQ00747,CUS0477,2025-04-07,主动咨询,POST0072,ACC003,user_0477,2025-04-07 10:40:00,2025-04-07 10:58:00,18,EMP001,已添加,留学,中国,
INQ00748,CUS0478,2026-08-03,回访,POST0087,ACC001,user_0478,2026-08-03 09:00:00,2026-08-03 09:09:00,9,EMP003,已添加,DELE,西班牙,
INQ00749,CUS0479,2026-04-07,回访,POST0063,ACC001,user_0479,2026-04-07 11:30:00,2026-04-07 11:42:00,12,EMP003,已添加,零基础,澳大利亚,
INQ00750,CUS0479,2026-04-19,主动评论,POST0096,ACC002,user_0479,2026-04-19 18:50:00,2026-04-19 19:05:00,15,EMP003,已添加,B2,英国,客户希望尽快安排
INQ00751,CUS0479,2026-04-30,主动咨询,,ACC001,user_0479,2026-04-30 11:40:00,2026-04-30 12:02:00,22,EMP003,未添加,零基础,新加坡,
INQ00752,CUS0480,2025-03-02,主动咨询,POST0025,ACC004,user_0480,2025-03-02 09:50:00,2025-03-02 10:17:00,27,EMP001,未添加,DELE,德国,
INQ00753,CUS0481,2025-08-31,被动私信,POST0021,ACC003,user_0481,2025-08-31 09:10:00,2025-08-31 09:27:00,17,EMP001,已添加,B2,新加坡,
INQ00754,CUS0481,2025-09-07,主动咨询,POST0114,ACC003,user_0481,2025-09-07 15:30:00,2025-09-07 15:42:00,12,EMP001,待添加,留学,加拿大,
INQ00755,CUS0482,2025-07-17,被动私信,POST0106,ACC002,user_0482,2025-07-17 18:10:00,2025-07-17 18:17:00,7,EMP001,已添加,零基础,英国,
INQ00756,CUS0483,2025-06-09,主动评论,POST0035,ACC002,user_0483,2025-06-09 10:20:00,2025-06-09 10:33:00,13,EMP003,未添加,小孩课程,西班牙,
INQ00757,CUS0484,2025-08-17,主动咨询,POST0012,ACC004,user_0484,2025-08-17 20:10:00,2025-08-17 20:20:00,10,EMP002,已添加,口语,加拿大,
INQ00758,CUS0484,2025-08-19,主动咨询,POST0086,ACC004,user_0484,2025-08-19 09:40:00,2025-08-19 09:43:00,3,EMP002,未添加,小孩课程,美国,客户希望尽快安排
INQ00759,CUS0485,2026-04-17,主动咨询,,ACC003,user_0485,2026-04-17 18:00:00,2026-04-17 18:32:00,32,EMP002,待添加,DELE,澳大利亚,
INQ00760,CUS0486,2026-04-18,回访,,ACC001,user_0486,2026-04-18 14:00:00,2026-04-18 14:15:00,15,EMP002,待添加,DELE,加拿大,客户希望尽快安排
INQ00761,CUS0487,2025-08-15,主动咨询,POST0065,ACC004,user_0487,2025-08-15 11:40:00,2025-08-15 11:44:00,4,EMP002,已添加,口语,西班牙,客户希望尽快安排
INQ00762,CUS0487,2025-09-17,主动评论,POST0109,ACC001,user_0487,2025-09-17 19:20:00,2025-09-17 19:26:00,6,EMP002,已添加,口语,新加坡,
INQ00763,CUS0488,2025-12-01,主动咨询,POST0086,ACC004,user_0488,2025-12-01 16:40:00,2025-12-01 16:46:00,6,EMP002,已添加,小孩课程,西班牙,客户希望尽快安排
INQ00764,CUS0489,2026-02-04,主动评论,POST0005,ACC003,user_0489,2026-02-04 10:10:00,2026-02-04 10:28:00,18,EMP001,已添加,口语,新加坡,
INQ00765,CUS0489,2026-02-19,主动咨询,POST0043,ACC002,user_0489,2026-02-19 14:00:00,2026-02-19 14:12:00,12,EMP001,已添加,口语,英国,
INQ00766,CUS0490,2025-11-01,被动私信,POST0113,ACC003,user_0490,2025-11-01 16:00:00,2025-11-01 16:27:00,27,EMP002,未添加,零基础,加拿大,
INQ00767,CUS0491,2026-07-17,主动评论,POST0023,ACC001,user_0491,2026-07-17 19:30:00,2026-07-17 19:56:00,26,EMP001,已添加,口语,美国,
INQ00768,CUS0491,2026-08-11,被动私信,POST0073,ACC003,user_0491,2026-08-11 10:10:00,2026-08-11 10:37:00,27,EMP001,未添加,小孩课程,英国,
INQ00769,CUS0492,2025-12-08,主动咨询,,ACC003,user_0492,2025-12-08 10:20:00,2025-12-08 10:29:00,9,EMP001,已添加,零基础,德国,
INQ00770,CUS0493,2026-03-17,主动咨询,POST0001,ACC002,user_0493,2026-03-17 14:10:00,2026-03-17 14:29:00,19,EMP003,已添加,口语,澳大利亚,
INQ00771,CUS0493,2026-04-15,主动评论,POST0112,ACC004,user_0493,2026-04-15 16:20:00,2026-04-15 16:36:00,16,EMP003,未添加,B2,中国,
INQ00772,CUS0494,2026-05-22,回访,,ACC001,user_0494,2026-05-22 18:00:00,2026-05-22 18:12:00,12,EMP002,已添加,DELE,中国,
INQ00773,CUS0494,2026-06-12,被动私信,POST0094,ACC002,user_0494,2026-06-12 17:30:00,2026-06-12 23:31:00,361,EMP002,已添加,零基础,加拿大,
INQ00774,CUS0495,2026-03-13,被动私信,,ACC003,user_0495,2026-03-13 19:30:00,2026-03-13 19:47:00,17,EMP001,已添加,零基础,英国,客户希望尽快安排
INQ00775,CUS0496,2025-04-22,主动咨询,POST0052,ACC002,user_0496,2025-04-22 11:50:00,2025-04-22 12:10:00,20,EMP002,待添加,留学,澳大利亚,
INQ00776,CUS0497,2025-05-29,主动咨询,POST0042,ACC003,user_0497,2025-05-29 15:20:00,2025-05-29 15:30:00,10,EMP002,已添加,零基础,澳大利亚,
INQ00777,CUS0498,2025-04-22,主动咨询,POST0078,ACC001,user_0498,2025-04-22 09:20:00,2025-04-22 09:27:00,7,EMP001,待添加,DELE,加拿大,客户希望尽快安排
INQ00778,CUS0499,2025-03-01,被动私信,POST0097,ACC004,user_0499,2025-03-01 19:40:00,2025-03-01 20:01:00,21,EMP001,已添加,零基础,新加坡,客户希望尽快安排
INQ00779,CUS0500,2025-11-02,主动咨询,POST0101,ACC003,user_0500,2025-11-02 15:20:00,2025-11-02 20:34:00,314,EMP002,已添加,口语,中国,
INQ00780,CUS0501,2026-03-18,回访,POST0081,ACC004,user_0501,2026-03-18 17:20:00,2026-03-18 17:22:00,2,EMP002,未添加,口语,西班牙,
INQ00781,CUS0502,2025-06-22,主动咨询,,ACC004,user_0502,2025-06-22 18:20:00,2025-06-22 18:24:00,4,EMP001,已添加,零基础,澳大利亚,客户希望尽快安排
INQ00782,CUS0502,2025-07-14,主动咨询,POST0091,ACC002,user_0502,2025-07-14 11:30:00,2025-07-14 11:42:00,12,EMP001,已添加,B2,中国,客户希望尽快安排
INQ00783,CUS0502,2025-08-03,主动咨询,POST0062,ACC002,user_0502,2025-08-03 10:10:00,2025-08-03 10:21:00,11,EMP001,未添加,零基础,中国,
INQ00784,CUS0503,2026-06-27,主动咨询,,ACC001,user_0503,2026-06-27 19:30:00,2026-06-27 19:42:00,12,EMP002,已添加,小孩课程,加拿大,
INQ00785,CUS0504,2025-11-07,被动私信,POST0026,ACC003,user_0504,2025-11-07 16:10:00,2025-11-07 16:33:00,23,EMP003,待添加,B2,西班牙,
INQ00786,CUS0504,2025-11-26,主动评论,POST0092,ACC002,user_0504,2025-11-26 11:40:00,2025-11-26 11:54:00,14,EMP003,未添加,B2,美国,客户希望尽快安排
INQ00787,CUS0505,2025-07-29,主动咨询,,ACC001,user_0505,2025-07-29 10:20:00,2025-07-29 10:28:00,8,EMP003,已添加,零基础,美国,
INQ00788,CUS0506,2025-11-17,主动咨询,POST0037,ACC002,user_0506,2025-11-17 16:40:00,2025-11-17 16:51:00,11,EMP001,已添加,零基础,美国,
INQ00789,CUS0507,2026-05-28,回访,POST0048,ACC003,user_0507,2026-05-28 10:50:00,2026-05-28 10:56:00,6,EMP001,已添加,零基础,西班牙,
INQ00790,CUS0508,2025-07-18,回访,POST0020,ACC004,user_0508,2025-07-18 20:20:00,2025-07-18 20:37:00,17,EMP002,已添加,B2,加拿大,
INQ00791,CUS0509,2026-07-28,回访,,ACC004,user_0509,2026-07-28 16:40:00,2026-07-28 17:01:00,21,EMP002,未添加,口语,中国,客户希望尽快安排
INQ00792,CUS0510,2026-07-05,主动咨询,POST0039,ACC004,user_0510,2026-07-05 09:10:00,2026-07-05 18:50:00,580,EMP001,已添加,小孩课程,澳大利亚,
INQ00793,CUS0511,2025-12-22,主动咨询,POST0111,ACC003,user_0511,2025-12-22 11:10:00,2025-12-22 11:18:00,8,EMP003,已添加,口语,澳大利亚,客户希望尽快安排
INQ00794,CUS0512,2025-11-16,回访,POST0075,ACC004,user_0512,2025-11-16 09:10:00,2025-11-16 09:18:00,8,EMP002,已添加,小孩课程,英国,
INQ00795,CUS0512,2025-11-24,回访,POST0077,ACC002,user_0512,2025-11-24 19:40:00,2025-11-24 19:56:00,16,EMP002,已添加,留学,中国,
INQ00796,CUS0512,2025-12-03,主动评论,POST0053,ACC004,user_0512,2025-12-03 15:00:00,2025-12-03 15:11:00,11,EMP002,已添加,口语,德国,
INQ00797,CUS0513,2026-05-02,主动评论,POST0041,ACC004,user_0513,2026-05-02 19:40:00,2026-05-02 20:02:00,22,EMP003,已添加,零基础,英国,
INQ00798,CUS0514,2026-02-09,主动评论,POST0051,ACC002,user_0514,2026-02-09 18:40:00,2026-02-09 19:00:00,20,EMP002,已添加,小孩课程,澳大利亚,
INQ00799,CUS0514,2026-03-23,被动私信,POST0104,ACC004,user_0514,2026-03-23 09:30:00,2026-03-23 10:04:00,34,EMP002,已添加,口语,西班牙,
INQ00800,CUS0514,2026-04-29,主动咨询,,ACC002,user_0514,2026-04-29 20:10:00,2026-04-29 20:20:00,10,EMP002,已添加,留学,澳大利亚,客户希望尽快安排
INQ00801,CUS0515,2026-05-04,被动私信,POST0004,ACC002,user_0515,2026-05-04 14:00:00,2026-05-04 14:13:00,13,EMP001,待添加,小孩课程,中国,
INQ00802,CUS0515,2026-05-12,主动评论,POST0062,ACC002,user_0515,2026-05-12 20:40:00,2026-05-12 20:47:00,7,EMP001,已添加,零基础,加拿大,
INQ00803,CUS0516,2025-12-22,主动咨询,,ACC001,user_0516,2025-12-22 09:50:00,2025-12-22 10:00:00,10,EMP002,已添加,零基础,美国,
INQ00804,CUS0517,2026-02-28,被动私信,POST0020,ACC004,user_0517,2026-02-28 18:30:00,2026-02-28 22:35:00,245,EMP003,已添加,小孩课程,德国,
INQ00805,CUS0518,2025-03-25,主动咨询,POST0010,ACC004,user_0518,2025-03-25 20:30:00,2025-03-25 20:44:00,14,EMP002,已添加,零基础,加拿大,
INQ00806,CUS0519,2025-11-05,主动咨询,,ACC002,user_0519,2025-11-05 17:50:00,2025-11-05 18:44:00,54,EMP003,已添加,DELE,英国,客户希望尽快安排
INQ00807,CUS0519,2025-11-24,主动咨询,POST0087,ACC001,user_0519,2025-11-24 20:40:00,2025-11-24 21:10:00,30,EMP003,未添加,零基础,英国,
INQ00808,CUS0520,2025-05-10,主动咨询,,ACC002,user_0520,2025-05-10 09:10:00,2025-05-10 09:22:00,12,EMP001,已添加,口语,德国,
INQ00809,CUS0520,2025-06-15,主动咨询,POST0034,ACC001,user_0520,2025-06-15 19:00:00,2025-06-15 19:34:00,34,EMP001,未添加,B2,西班牙,
INQ00810,CUS0520,2025-06-26,主动评论,POST0087,ACC001,user_0520,2025-06-26 09:20:00,2025-06-26 09:29:00,9,EMP001,待添加,B2,美国,客户希望尽快安排
