renewal_id,student_id,enrollment_id,renewal_date,renewal_hours,sales_id,remark
REN00001,STU0001,ENR0100,2026-05-17,30,EMP001,续费后继续原课程
REN00002,STU0002,ENR0073,2025-09-03,40,EMP001,
REN00003,STU0003,ENR0008,2025-11-29,30,EMP001,
REN00004,STU0006,ENR0002,2026-05-04,20,EMP002,
REN00005,STU0011,ENR0030,2025-08-29,30,EMP002,
REN00006,STU0014,ENR0126,2026-05-09,60,EMP003,
REN00007,STU0014,ENR0126,2026-06-15,60,EMP003,续费后继续原课程
REN00008,STU0021,ENR0057,2025-11-06,20,EMP001,续费后继续原课程
REN00009,STU0026,ENR0094,2026-06-08,60,EMP001,续费后继续原课程
REN00010,STU0027,ENR0099,2025-08-05,30,EMP001,
REN00011,STU0029,ENR0116,2026-01-10,40,EMP001,
REN00012,STU0029,ENR0116,2026-05-17,30,EMP001,
REN00013,STU0033,ENR0064,2026-07-23,60,EMP001,
REN00014,STU0035,ENR0052,2025-09-30,20,EMP003,
REN00015,STU0035,ENR0052,2025-10-29,60,EMP003,
REN00016,STU0036,ENR0138,2026-08-27,30,EMP002,续费后继续原课程
REN00017,STU0039,ENR0053,2026-08-15,20,EMP002,续费后继续原课程
REN00018,STU0042,ENR0141,2025-11-14,30,EMP001,
REN00019,STU0044,ENR0028,2026-06-29,20,EMP003,
REN00020,STU0046,ENR0036,2025-06-29,30,EMP003,续费后继续原课程
REN00021,STU0047,ENR0013,2025-07-12,40,EMP001,续费后继续原课程
REN00022,STU0047,ENR0013,2025-11-25,20,EMP001,
REN00023,STU0052,ENR0034,2026-08-25,30,EMP003,续费后继续原课程
REN00024,STU0053,ENR0095,2026-02-17,20,EMP001,
REN00025,STU0054,ENR0069,2025-09-13,30,EMP003,
REN00026,STU0054,ENR0069,2026-01-07,20,EMP003,
REN00027,STU0058,ENR0090,2025-10-14,60,EMP001,
REN00028,STU0059,ENR0117,2025-12-05,60,EMP001,续费后继续原课程
REN00029,STU0060,ENR0140,2026-01-30,60,EMP002,续费后继续原课程
REN00030,STU0061,ENR0088,2026-01-04,20,EMP003,续费后继续原课程
REN00031,STU0062,ENR0082,2025-08-07,20,EMP003,
REN00032,STU0063,ENR0019,2026-03-08,20,EMP001,
REN00033,STU0067,ENR0059,2025-10-26,60,EMP001,续费后继续原课程
REN00034,STU0071,ENR0083,2025-11-04,60,EMP003,续费后继续原课程
REN00035,STU0073,ENR0089,2026-06-05,40,EMP001,续费后继续原课程
REN00036,STU0074,ENR0015,2026-01-10,60,EMP003,
REN00037,STU0076,ENR0040,2025-11-23,60,EMP002,
REN00038,STU0076,ENR0040,2026-03-06,20,EMP002,
REN00039,STU0077,ENR0098,2026-02-18,40,EMP003,
REN00040,STU0077,ENR0098,2026-06-11,20,EMP003,续费后继续原课程
REN00041,STU0080,ENR0146,2025-11-16,30,EMP001,
REN00042,STU0080,ENR0146,2025-12-04,40,EMP001,
REN00043,STU0082,ENR0006,2026-08-28,40,EMP002,
REN00044,STU0083,ENR0067,2026-04-27,20,EMP003,续费后继续原课程
REN00045,STU0085,ENR0112,2026-04-16,30,EMP002,
REN00046,STU0086,ENR0102,2025-12-08,60,EMP001,
REN00047,STU0088,ENR0124,2026-03-01,40,EMP002,
REN00048,STU0091,ENR0056,2025-11-11,40,EMP003,
REN00049,STU0093,ENR0074,2026-01-21,30,EMP002,续费后继续原课程
REN00050,STU0093,ENR0074,2026-04-06,30,EMP002,
REN00051,STU0094,ENR0001,2025-10-23,40,EMP002,
REN00052,STU0095,ENR0060,2025-08-06,40,EMP002,
REN00053,STU0099,ENR0093,2025-09-16,20,EMP003,
REN00054,STU0101,ENR0062,2026-01-18,30,EMP001,
REN00055,STU0103,ENR0143,2026-05-12,60,EMP001,
REN00056,STU0104,ENR0121,2026-08-21,30,EMP001,
REN00057,STU0105,ENR0021,2026-06-30,40,EMP001,
REN00058,STU0106,ENR0150,2026-08-18,60,EMP003,
REN00059,STU0107,ENR0125,2026-08-22,30,EMP002,续费后继续原课程
REN00060,STU0113,ENR0081,2026-07-17,30,EMP001,
REN00061,STU0117,ENR0042,2026-07-09,40,EMP002,
REN00062,STU0120,ENR0011,2026-06-22,20,EMP002,
REN00063,STU0122,ENR0137,2026-07-25,40,EMP002,
REN00064,STU0123,ENR0115,2026-08-26,20,EMP003,
REN00065,STU0125,ENR0154,2026-05-31,20,EMP001,
REN00066,STU0127,ENR0151,2025-09-18,40,EMP002,
REN00067,STU0127,ENR0151,2026-03-13,60,EMP002,
REN00068,STU0129,ENR0120,2025-10-21,60,EMP001,
REN00069,STU0131,ENR0047,2026-03-15,30,EMP001,续费后继续原课程
REN00070,STU0132,ENR0110,2026-01-04,60,EMP003,续费后继续原课程
REN00071,STU0133,ENR0075,2026-08-27,30,EMP001,续费后继续原课程
REN00072,STU0134,ENR0065,2026-05-27,20,EMP002,续费后继续原课程
REN00073,STU0137,ENR0103,2025-11-07,60,EMP003,续费后继续原课程
REN00074,STU0139,ENR0039,2025-12-30,30,EMP003,续费后继续原课程
REN00075,STU0140,ENR0133,2026-07-21,40,EMP003,续费后继续原课程
REN00076,STU0141,ENR0122,2026-03-05,20,EMP001,续费后继续原课程
REN00077,STU0143,ENR0123,2026-03-15,20,EMP003,
REN00078,STU0144,ENR0148,2025-09-09,40,EMP002,续费后继续原课程
REN00079,STU0144,ENR0148,2025-12-30,30,EMP002,续费后继续原课程
REN00080,STU0149,ENR0049,2026-01-02,20,EMP001,
REN00081,STU0149,ENR0049,2026-05-09,30,EMP001,
