编号,日期,客户编号,客户账号,咨询类型,广告帖子编号,引流账号 / 私信账号,负责人,销售名片,微信添加状态,咨询时间,回复时间,响应时间,关键词,网络地址地区,点击次数
150,2026-04-04,CUS0100, user_0100 ,主动咨询,POST0013,ACC003,Leo_Sales,发送,已添加,4月4日 15:00,4月4日 21:05,365,零基础,加拿大,2
204,04/19/2026,CUS0130,user_0130,被动私信,POST0006,ACC004,Leo_Sales,已发送,已添加,2026-04-19 10:40,4月19日 10:42,2,零基础,新加坡,1
272,06/21/2026,,@user_0173,主动咨询,,ACC002,Sofia_Sales,已发送,已添加,2026-06-21 09:50,6月21日 10:20,30,DELE,美国,1
21,2026年4月4日,CUS0013,user_0013,回访,POST0043,ACC004,Leo_Sales,发送,已添加,2026-04-04 16:50,2026/04/04 17:22,32,零基础,新加坡,4
166,2026年8月31日,CUS0109,user_0109,主动咨询,POST0039,ACC002,Leo_Sales,已发送,已添加,2026-08-31 18:20,2026-08-31 18:30,10,留学,中国,2
106,2026-05-18,CUS0067,user_0067,主动咨询,POST0043,ACC004,Mia_Sales ,发送,已添加,2026-05-18 14:20,2026-05-18 14:36,16,B2,新加坡,3
231,2026-02-17,CUS0147,user_0147,主动评论,POST0017,ACC001,Sofia_Sales,未发送,未添加,2026-02-17 17:20,2026/02/17 17:31,11,留学,英国,3
260,2026-05-13,,user_0166,主动咨询,,ACC004,Sofia_Sales,已发送,未添加,2026-05-13 20:50,2026-05-13 21:25,35,口语,加拿大,3
165,2026-07-27,CUS0109,user_0109,主动咨询,POST0015,ACC002,Leo_Sales,未发送,已添加,2026-07-27 15:10,7月27日 15:33,23,零基础,加拿大,2
63,2026-04-28,CUS0041,user_0041,主动咨询,POST0036,ACC004,Mia_Sales,未发送,已添加,2026/04/28 15:10,2026-04-28 15:29,19,小孩课程,英国,2
94,2026-04-21,CUS0061,user_0061,被动私信,POST0032,ACC001,Leo_Sales,发送,未添加,2026-04-21 19:50,4月21日 20:08,18,留学,美国,2
16,2026-01-27,CUS0011,user_0011,被动私信,,ACC002,Leo_Sales,已发送,已添加,2026/01/27 17:40,1月27日 17:51,11,口语,西班牙,1
48,2026/04/15,,user_0031,回访,POST0039,ACC002,Leo_Sales,发送,已添加,2026/04/15 20:30,4月15日 20:47,17,零基础,澳大利亚,2
285,2026/07/06,CUS0179,user_0179,主动咨询,POST0032,ACC001,Leo_Sales,已发送,已添加,7月6日 16:40,2026-07-06 22:43,363,B2,新加坡,3
106,2026-05-18,CUS0067,user_0067,主动咨询,POST0043,ACC004,Mia_Sales ,发送,已添加,2026-05-18 14:20,2026-05-18 14:36,16,B2,新加坡,3
169,01/16/2026,CUS0111, user_0111 ,主动咨询,POST0023,ACC003,Mia_Sales,发送,未添加,2026-01-16 20:10,2026-01-17 01:30,320,B2,英国,4
141,2026年8月31日,CUS0092,user_0092,主动咨询,POST0031,ACC002,Sofia_Sales,已发送,未添加,2026-08-31 14:30,2026-08-31 14:49,19,口语,德国,3
41,07/26/2026,,user_0027,主动咨询,POST0036,ACC004,Sofia_Sales,发送,已添加,2026-07-26 17:30,2026/07/26 17:37,7,零基础,新加坡,1
164,2026-07-05,CUS0108,user_0108,主动咨询,POST0008,ACC002,Sofia_Sales,已发送,未添加,2026-07-05 20:20,7月5日 21:03,43,口语,中国,3
278,2026/06/21,CUS0176,user_0176,主动咨询,POST0041,ACC003,Leo_Sales,已发送,未添加,6月21日 10:10,2026-06-21 14:20,250,B2,新加坡,3
134,2026-01-03,CUS0089,user_0089,主动咨询,POST0006,ACC004,Mia_Sales,发送,已添加,2026-01-03 19:00,2026-01-03 19:15,15,口语,加拿大,2
253,2026-07-06,CUS0162,user_0162,主动咨询,POST0040,ACC003,Sofia_Sales,发送,待添加,2026-07-06 19:10,2026/07/06 19:19,9,口语,美国,1
81,2026/03/16,CUS0053,user_0053,被动私信,POST0031,ACC002,Leo_Sales,已发送,已添加,2026/03/16 19:00,2026-03-16 19:09,9,零基础,中国,3
45,2026-07-24,CUS0030,user_0030,主动评论,,ACC003,Mia_Sales,发送,已添加,7月24日 14:30,2026-07-24 15:19,49,小孩课程,加拿大,3
5,04/30/2026,,@user_0003,主动咨询,POST0042,ACC002,Mia_Sales,未发送,已添加,2026-04-30 18:00,2026/04/30 18:16,16,小孩课程,西班牙,1
239,2026-07-05,,user_0153,主动咨询,POST0035,ACC001,Sofia_Sales,已发送,未添加,7月5日 11:00,7月5日 11:02,2,零基础,西班牙,1
282,2026-04-10,,USER_0178,主动咨询,POST0031,ACC002,Mia_Sales,已发送,已添加,2026-04-10 16:30,,16,B2,中国,3
235,2026/08/17,CUS0149,user_0149,主动咨询,,ACC001,Sofia_Sales,已发送,已添加,2026/08/17 17:30,2026-08-17 17:48,18,零基础,澳大利亚,4
270,2026/03/06,CUS0172,user_0172,被动私信,POST0036,ACC004,Leo_Sales,发送,已添加,2026/03/06 15:40,,4,DELE,美国,4
7,2026/04/01,,user_0005,主动咨询,POST0007,ACC003,Sofia_Sales,已发送,未添加,4月1日 14:20,,10,DELE,西班牙,1
210,03/09/2026,CUS0134,user_0134,被动私信,,ACC004,Leo_Sales ,未发送,待添加,2026/03/09 11:30,,34,小孩课程,德国,2
149,2026-03-28,CUS0100,@user_0100,主动咨询,POST0010,ACC003,Leo_Sales,未发送,已添加,3月28日 18:40,2026-03-28 18:50,10,口语,中国,2
214,02/14/2026,CUS0137,user_0137,主动咨询,POST0041,ACC003,Mia_Sales,未发送,已添加,2026-02-14 20:20,2026/02/14 20:31,11,零基础,德国,4
238,2026年5月26日,CUS0152, user_0152 ,被动私信,POST0021,ACC002,Leo_Sales,已发送,已添加,2026-05-26 18:40,5月26日 19:29,49,口语,英国,1
113,2026/02/23,CUS0073,user_0073,主动咨询,POST0035,ACC001,Mia_Sales ,已发送,已添加,2026/02/23 20:40,2026/02/23 21:04,24,DELE,新加坡,4
49,2026年5月10日,CUS0032,user_0032,主动咨询,POST0002,ACC003,Mia_Sales,未发送,待添加,2026/05/10 20:20,2026/05/10 22:41,192,小孩课程,加拿大,1
132,2026年8月9日,CUS0087,user_0087,主动咨询,POST0039,ACC002,Leo_Sales,已发送,已添加,2026-08-09 15:10,2026-08-09 15:20,10,小孩课程,美国,3
189,2026-01-27,CUS0123,user_0123,被动私信,POST0026,ACC002,Sofia_Sales,已发送,已添加,2026/01/27 19:40,2026-01-27 19:49,9,小孩课程,英国,4
98,2026/08/08,CUS0063,user_0063,主动咨询,,ACC001,Leo_Sales,发送,已添加,2026-08-08 15:30,2026-08-08 15:36,6,零基础,德国,1
227,2026年8月16日,CUS0144,USER_0144,主动评论,POST0012,ACC001,Mia_Sales,已发送,已添加,2026/08/16 10:20,2026-08-16 10:28,8,口语,加拿大,2
46,08/27/2026,,user_0030,主动咨询,POST0035,ACC001,Mia_Sales,未发送,待添加,2026-08-27 17:50,2026/08/27 17:53,3,DELE,德国,1
233,2026年6月7日,,USER_0149,主动评论,POST0007,ACC003,Sofia_Sales ,未发送,已添加,6月7日 16:30,2026/06/07 16:59,29,零基础,澳大利亚,3
8,2026-06-03,CUS0006,user_0006,主动咨询,POST0013,ACC003,Sofia_Sales,未发送,已添加,2026-06-03 15:30,2026/06/03 15:47,17,DELE,德国,2
91,02/10/2026,,user_0059,主动咨询,POST0028,ACC001,Sofia_Sales,未发送,待添加,2026/02/10 17:10,2026-02-11 00:53,463,DELE,西班牙,2
258,04/01/2026,CUS0165,user_0165,主动咨询,POST0042,ACC002,Mia_Sales,已发送,未添加,2026-04-01 15:10,2026-04-01 15:47,37,B2,中国,4
200,2026-06-10,CUS0128,user_0128,主动咨询,POST0035,ACC001,Mia_Sales,未发送,已添加,2026-06-10 18:00,2026/06/10 18:04,4,小孩课程,新加坡,4
74,2026-02-14,CUS0050,user_0050,回访,POST0039,ACC002,Leo_Sales,已发送,已添加,2026/02/14 11:10,2026-02-14 11:12,2,小孩课程,中国,3
135,2026-01-03,CUS0090,user_0090,回访,,ACC001,Mia_Sales,已发送,已添加,2026/01/03 10:20,2026-01-03 10:26,6,DELE,中国,3
228,2026-08-31,CUS0144,user_0144,被动私信,POST0027,ACC002,Mia_Sales ,发送,未添加,8月31日 20:50,2026-08-31 21:11,21,零基础,加拿大,1
87,2026-08-05,CUS0057,user_0057,主动评论,POST0024,ACC002,Sofia_Sales,未发送,待添加,2026-08-05 16:00,8月5日 16:11,11,B2,澳大利亚,1
176,2026/07/06,,user_0114,回访,POST0025,ACC004,Sofia_Sales,发送,已添加,2026-07-06 09:20,2026-07-06 09:56,36,DELE,加拿大,3
202,2026/01/10,CUS0129,@user_0129,被动私信,,ACC004,Mia_Sales,未发送,已添加,2026-01-10 10:10,2026-01-10 11:06,56,小孩课程,德国,4
254,2026/05/02,CUS0163, user_0163 ,回访,,ACC001,Leo_Sales,发送,已添加,2026/05/02 16:20,5月2日 16:58,38,小孩课程,新加坡,2
244,2026/08/02,CUS0157,user_0157,主动评论,POST0028,ACC001,Mia_Sales,已发送,已添加,2026/08/02 16:10,,18,小孩课程,中国,2
190,2026年2月21日,CUS0123,USER_0123,被动私信,POST0027,ACC002,Sofia_Sales,未发送,未添加,2月21日 9:10,2026-02-21 09:34,24,DELE,澳大利亚,4
131,2026/07/31,,user_0087,主动咨询,,ACC002,Leo_Sales,已发送,未添加,2026-07-31 20:10,,29,DELE,中国,2
152,2026-07-12,CUS0101,@user_0101,主动咨询,POST0020,ACC002,Leo_Sales,发送,已添加,2026/07/12 09:30,2026-07-12 09:45,15,小孩课程,加拿大,2
114,2026-03-01,CUS0073,user_0073,被动私信,POST0038,ACC003,Mia_Sales,未发送,待添加,3月1日 9:30,2026-03-01 15:36,366,小孩课程,中国,2
224,2026/04/23,CUS0141,user_0141,主动咨询,POST0031,ACC002,SOFIA_SALES,已发送,已添加,2026-04-23 14:10,2026-04-23 14:28,18,口语,德国,2
35,2026年6月1日,CUS0023,user_0023,主动评论,POST0041,ACC003,Sofia_Sales ,已发送,未添加,2026/06/01 11:00,2026-06-01 11:02,2,DELE,澳大利亚,2
210,03/09/2026,CUS0134,user_0134,被动私信,,ACC004,Leo_Sales ,未发送,待添加,2026/03/09 11:30,,34,小孩课程,德国,2
13,2026-05-15,,user_0008,主动评论,POST0044,ACC001,Sofia_Sales,已发送,已添加,2026/05/15 11:50,2026/05/15 12:05,15,B2,美国,3
161,03/07/2026,CUS0105,@user_0105,主动评论,POST0006,ACC004,Mia_Sales,未发送,已添加,2026/03/07 18:50,2026-03-07 19:12,22,口语,澳大利亚,3
75,2026-03-07,CUS0050,user_0050,被动私信,,ACC002,Leo_Sales,发送,已添加,2026/03/07 15:30,2026-03-07 15:33,3,零基础,新加坡,4
273,2026-07-07,CUS0173,@user_0173,被动私信,POST0045,ACC002,Sofia_Sales,已发送,未添加,2026-07-07 20:10,2026-07-07 20:40,30,DELE,加拿大,4
23,2026/07/08,CUS0014,user_0014,被动私信,,ACC001,Leo_Sales,已发送,已添加,2026/07/08 10:30,2026-07-08 10:38,8,小孩课程,加拿大,2
32,2026/03/23,CUS0020,user_0020,主动咨询,POST0039,ACC002,LEO_SALES,发送,未添加,3月23日 11:10,2026-03-23 11:47,37,零基础,新加坡,2
137,2026-01-03,CUS0091,USER_0091,主动咨询,POST0042,ACC002,Leo_Sales,已发送,已添加,2026/01/03 10:30,2026/01/03 10:57,27,小孩课程,加拿大,1
241,2026-08-31,CUS0154,user_0154,主动咨询,POST0044,ACC001,Mia_Sales,已发送,已添加,8月31日 10:30,2026-08-31 10:36,6,DELE,西班牙,4
126,01/13/2026,CUS0082,user_0082,主动咨询,POST0041,ACC003,Sofia_Sales,未发送,已添加,2026-01-13 10:50,1月13日 10:57,7,口语,澳大利亚,2
163,2026年1月9日,CUS0107,user_0107,被动私信,POST0006,ACC004,Mia_Sales,未发送,已添加,2026-01-09 18:10,2026-01-09 23:01,291,小孩课程,加拿大,1
70,2026-04-14,CUS0046, user_0046 ,主动咨询,POST0012,ACC001,Sofia_Sales,已发送,未添加,2026-04-14 15:30,2026/04/14 16:13,43,B2,美国,2
187,2026/02/26,CUS0122,user_0122,主动咨询,POST0024,ACC002,Leo_Sales,未发送,已添加,2026/02/26 10:00,2月26日 10:19,19,口语,德国,2
171,2026/03/24,CUS0112,user_0112,主动咨询,POST0003,ACC002,Sofia_Sales,未发送,已添加,2026-03-24 17:00,2026/03/24 17:17,17,零基础,英国,4
217,2026/08/31,CUS0138, user_0138 ,被动私信,POST0024,ACC002,Leo_Sales,未发送,未添加,8月31日 15:20,2026/08/31 15:40,20,零基础,西班牙,4
102,2026年8月2日,CUS0065,user_0065,主动咨询,POST0040,ACC003,Leo_Sales,发送,已添加,2026-08-02 18:10,2026-08-02 21:50,220,口语,英国,4
168,2026-08-07,CUS0110,user_0110,主动咨询,POST0018,ACC002,Mia_Sales,已发送,已添加,2026-08-07 20:50,,36,留学,西班牙,3
192,2026年7月8日,CUS0125,user_0125,主动咨询,POST0044,ACC001,Leo_Sales,发送,已添加,2026/07/08 20:50,2026-07-08 20:58,8,零基础,中国,1
47,2026年3月15日,CUS0031,@user_0031,主动咨询,POST0034,ACC002,Leo_Sales,已发送,已添加,2026/03/15 19:10,3月16日 2:42,452,DELE,澳大利亚,4
165,2026-07-27,CUS0109,user_0109,主动咨询,POST0015,ACC002,Leo_Sales,未发送,已添加,2026-07-27 15:10,7月27日 15:33,23,零基础,加拿大,2
60,2026年3月29日,, user_0040 ,主动咨询,POST0033,ACC004,Mia_Sales,发送,未添加,2026-03-29 09:00,3月29日 9:12,12,留学,澳大利亚,1
18,2026年6月20日,, user_0012 ,主动咨询,POST0026,ACC002,Sofia_Sales,已发送,待添加,6月20日 18:20,2026-06-20 22:25,245,口语,新加坡,2
170,2026-02-03,CUS0111,user_0111,回访,,ACC001,Mia_Sales,已发送,已添加,2026-02-03 10:30,2026/02/03 10:50,20,B2,新加坡,1
68,2026年6月9日,CUS0045,@user_0045,被动私信,POST0048,ACC003,Leo_Sales,已发送,未添加,2026-06-09 10:40,6月9日 10:46,6,零基础,德国,4
175,2026-06-15,CUS0114,user_0114,主动咨询,POST0004,ACC001,Sofia_Sales,已发送,已添加,2026-06-15 11:50,2026-06-15 12:10,20,零基础,美国,1
92,05/25/2026,CUS0060,user_0060,主动咨询,,ACC004,Sofia_Sales,已发送,已添加,2026/05/25 11:20,2026-05-25 11:22,33,留学,加拿大,2
128,07/07/2026,CUS0084,user_0084,回访,POST0029,ACC004,Sofia_Sales ,已发送,未添加,2026-07-07 09:20,2026/07/07 09:29,9,DELE,中国,4
223,2026/03/29,CUS0141,user_0141,回访,POST0034,ACC002,Sofia_Sales,已发送,已添加,2026-03-29 16:10,2026-03-29 16:34,24,DELE,中国,1
275,02/25/2026,CUS0175,user_0175,被动私信,POST0036,ACC004,Mia_Sales,未发送,未添加,2026-02-25 09:40,2026-02-25 09:42,34,小孩课程,英国,4
288,05/04/2026,CUS0180,user_0180,主动咨询,,ACC004,Mia_Sales,发送,已添加,2026/05/04 18:50,2026/05/04 18:57,7,零基础,澳大利亚,3
120,2026-02-03,,user_0079,回访,POST0045,ACC002,Leo_Sales,已发送,已添加,2月3日 14:40,2月3日 14:44,4,口语,西班牙,1
179,2026/06/03,CUS0116,user_0116,主动评论,POST0024,ACC002,Mia_Sales,未发送,已添加,6月3日 14:10,2026/06/03 14:13,3,DELE,美国,4
153,2026-08-13,, user_0101 ,主动咨询,POST0039,ACC002,Leo_Sales,已发送,未添加,2026/08/13 14:20,2026-08-13 14:42,22,零基础,中国,1
182,2026-02-19,CUS0119,user_0119,回访,POST0028,ACC001,Mia_Sales,发送,已添加,2026-02-19 19:20,2026/02/19 19:31,11,零基础,美国,2
37,2026/05/01,CUS0024,@user_0024,主动咨询,POST0044,ACC001,Leo_Sales,未发送,已添加,2026/05/01 09:20,5月1日 9:22,2,零基础,美国,2
93,2026年4月12日,CUS0061,user_0061,主动评论,POST0024,ACC002,Leo_Sales,已发送,已添加,2026-04-12 17:50,4月13日 0:52,422,小孩课程,德国,2
10,2026-05-18,,user_0007,主动咨询,POST0027,ACC002,Mia_Sales,已发送,已添加,2026-05-18 11:20,2026-05-18 11:38,18,DELE,新加坡,2
213,2026/02/13,CUS0136,user_0136,主动咨询,POST0006,ACC004,Sofia_Sales,已发送,待添加,2026-02-13 16:50,2026-02-13 17:14,24,零基础,美国,1
243,2026/03/09,CUS0156,user_0156,主动咨询,POST0013,ACC003,Sofia_Sales,已发送,已添加,2026-03-09 15:30,2026-03-09 19:50,260,零基础,美国,4
162,2026-04-17,CUS0106,user_0106,主动咨询,POST0037,ACC002,Sofia_Sales,未发送,已添加,4月17日 17:00,2026-04-17 18:07,67,小孩课程,美国,4
56,2026-07-20,CUS0037,user_0037,主动咨询,POST0047,ACC001,Sofia_Sales,未发送,已添加,2026-07-20 18:50,2026-07-20 19:12,22,口语,英国,2
266,03/24/2026,CUS0169,user_0169,主动咨询,POST0029,ACC004,Sofia_Sales,未发送,已添加,3月24日 14:20,3月24日 14:37,17,留学,加拿大,4
196,2026-04-06,,user_0126,回访,POST0042,ACC002,Leo_Sales,未发送,未添加,2026-04-06 09:50,2026-04-06 10:09,19,小孩课程,新加坡,3
129,2026-07-26,CUS0085,user_0085,主动咨询,POST0043,ACC004,Sofia_Sale,已发送,未添加,2026-07-26 10:40,2026-07-26 10:42,2,B2,中国,4
248,2026-07-11,,user_0160,回访,POST0016,ACC001,Mia_Sales,已发送,已添加,2026-07-11 20:30,2026-07-11 20:38,8,小孩课程,加拿大,1
24,2026-02-22,CUS0015,user_0015,主动咨询,POST0031,ACC002,Sofia_Sales,已发送,已添加,2026/02/22 09:20,2026/02/22 09:30,10,零基础,中国,4
3,2026/02/08,CUS0002,user_0002,主动咨询,POST0017,ACC001,Sofia_Sales,未发送,待添加,2026-02-08 16:30,2月8日 16:48,18,零基础,西班牙,1
154,2026/08/31,,USER_0101,被动私信,POST0010,ACC003,Leo_Sales,未发送,已添加,2026-08-31 17:40,2026-08-31 17:57,17,DELE,西班牙,4
38,2026-08-11,CUS0025,user_0025,回访,POST0025,ACC004,Leo_Sales,发送,已添加,2026-08-11 09:30,2026-08-11 09:58,28,口语,美国,2
284,2026-05-28,CUS0178,user_0178,主动咨询,POST0004,ACC001,Mia_Sales,未发送,已添加,2026/05/28 17:10,2026-05-28 17:19,9,小孩课程,澳大利亚,3
279,2026-07-16,CUS0176,user_0176,主动咨询,POST0038,ACC003,LEO_SALES,发送,已添加,2026/07/16 16:50,2026/07/16 17:21,31,小孩课程,澳大利亚,2
76,03/04/2026,CUS0051,user_0051,主动评论,POST0017,ACC001,Sofia_Sales,发送,已添加,2026-03-04 17:50,2026/03/04 18:17,27,B2,美国,3
174,2026-06-05,,user_0114,主动评论,POST0047,ACC001,Sofia_Sales,已发送,已添加,2026/06/05 18:50,2026/06/05 19:12,22,B2,加拿大,3
144,04/15/2026,, user_0095 ,主动咨询,POST0017,ACC001,Leo_Sales,未发送,未添加,2026-04-15 20:40,,309,小孩课程,英国,1
65,2026-04-30,CUS0042,USER_0042,被动私信,POST0010,ACC003,Mia_Sales,已发送,已添加,2026-04-30 10:50,4月30日 16:19,329,口语,德国,1
78,2026-01-21,CUS0052,user_0052,主动评论,POST0025,ACC004,Sofia_Sales,未发送,未添加,2026-01-21 10:10,2026/01/21 13:24,194,口语,新加坡,1
182,2026-02-19,CUS0119,user_0119,回访,POST0028,ACC001,Mia_Sales,发送,已添加,2026-02-19 19:20,2026/02/19 19:31,11,零基础,美国,2
237,02/26/2026,CUS0151,user_0151,主动咨询,,ACC004,Sofia_Sales,发送,已添加,2026-02-26 19:30,2026/02/26 19:51,38,留学,澳大利亚,1
185,2026-07-28,CUS0120,user_0120,主动评论,POST0041,ACC003,Leo_Sales,已发送,已添加,2026/07/28 16:30,2026/07/28 17:20,61,零基础,美国,1
77,2026-04-06,CUS0051,user_0051,主动评论,POST0009,ACC004,Sofia_Sales,已发送,已添加,2026/04/06 10:20,2026/04/06 10:28,8,零基础,西班牙,1
199,04/30/2026,CUS0128,user_0128,回访,POST0027,ACC002,Mia_Sale,已发送,未添加,2026-04-30 17:20,2026-04-30 17:55,35,零基础,西班牙,3
139,2026-08-20,CUS0092,user_0092,回访,POST0033,ACC004,Sofia_Sales,已发送,未添加,2026/08/20 14:30,2026-08-20 14:57,27,口语,新加坡,3
245,2026-07-29,CUS0158,user_0158,被动私信,POST0035,ACC001,Mia_Sales,已发送,已添加,2026-07-29 15:10,,15,小孩课程,新加坡,2
274,2026-03-08,CUS0174,user_0174,被动私信,POST0010,ACC003,Sofia_Sales,已发送,已添加,3月8日 16:30,2026-03-08 17:21,51,零基础,英国,2
160,2026年3月1日,CUS0105,user_0105,主动评论,POST0046,ACC003,Mia_Sales,已发送,已添加,2026-03-01 15:00,2026/03/01 15:02,2,DELE,新加坡,2
217,2026/08/31,CUS0138, user_0138 ,被动私信,POST0024,ACC002,Leo_Sales,未发送,未添加,8月31日 15:20,2026/08/31 15:40,20,零基础,西班牙,4
31,04/04/2026,CUS0019,user_0019,主动咨询,POST0016,ACC001,Mia_Sales,未发送,已添加,2026/04/04 14:40,4月4日 14:50,10,零基础,新加坡,2
83,2026/05/28,CUS0055,user_0055,主动咨询,POST0037,ACC002,Sofia_Sales ,已发送,已添加,2026-05-28 10:30,2026-05-28 10:43,25,零基础,加拿大,1
256,2026-07-07,CUS0163,user_0163,被动私信,POST0029,ACC004,Leo_Sales,已发送,已添加,2026-07-07 10:00,2026-07-07 10:21,21,小孩课程,新加坡,1
207,05/27/2026,CUS0132,user_0132,主动咨询,POST0011,ACC003,Sofia_Sales,已发送,待添加,2026/05/27 17:20,2026-05-27 17:30,10,小孩课程,西班牙,1
61,2026-03-03,CUS0041, user_0041 ,主动咨询,POST0011,ACC003,Mia_Sales,发送,未添加,3月3日 9:30,2026-03-03 09:44,14,B2,加拿大,4
156,2026-03-26,CUS0103,user_0103,主动咨询,,ACC004,Sofia_Sales,发送,未添加,2026/03/26 16:30,2026/03/26 16:39,9,小孩课程,中国,3
44,03/28/2026,CUS0029,user_0029,主动评论,POST0020,ACC002,Mia_Sales,已发送,已添加,3月28日 14:20,2026-03-28 14:35,15,小孩课程,英国,4
250,03/29/2026,,USER_0161,主动咨询,POST0025,ACC004,Mia_Sales,发送,已添加,2026-03-29 11:10,2026/03/29 11:22,12,零基础,新加坡,1
221,2026/06/14,CUS0140,@user_0140,回访,POST0012,ACC001,Leo_Sales,发送,已添加,6月14日 18:20,2026-06-14 18:44,24,零基础,西班牙,1
206,2026年8月9日,,user_0131,主动咨询,,ACC001,Mia_Sales,未发送,已添加,2026-08-09 14:20,,24,口语,西班牙,1
119,2026/04/14,CUS0078,user_0078,主动咨询,POST0006,ACC004,Sofia_Sales,发送,已添加,2026-04-14 09:00,4月14日 9:05,5,小孩课程,德国,1
133,2026/05/09,,user_0088,回访,POST0028,ACC001,Mia_Sales,未发送,已添加,2026-05-09 11:00,2026-05-09 13:58,178,小孩课程,新加坡,2
89,2026年4月4日,CUS0058,user_0058,主动咨询,POST0022,ACC001,Sofia_Sales ,未发送,未添加,4月4日 9:00,2026/04/04 09:36,36,小孩课程,德国,3
25,2026/03/15,,user_0015,主动咨询,POST0041,ACC003,Sofia_Sales,已发送,已添加,2026-03-15 14:10,2026-03-15 22:46,516,DELE,英国,3
12,2026/06/15,CUS0007,user_0007,被动私信,,ACC002,Mia_Sales,已发送,未添加,2026-06-15 19:50,2026-06-15 19:58,8,B2,西班牙,2
115,2026年4月6日,CUS0074,user_0074,主动评论,POST0015,ACC002,Sofia_Sales,已发送,未添加,2026-04-06 20:20,4月6日 20:38,18,DELE,中国,4
69,2026-07-14,CUS0045,user_0045,主动咨询,POST0044,ACC001,Leo_Sales,发送,已添加,2026/07/14 18:00,7月14日 18:31,31,零基础,新加坡,1
39,07/26/2026,CUS0026,user_0026,被动私信,,ACC003,Mia_Sales,发送,待添加,7月26日 19:20,7月26日 19:32,12,口语,西班牙,4
36,2026-04-22,CUS0024,user_0024,被动私信,POST0018,ACC002,Leo_Sales,已发送,已添加,2026-04-22 14:10,2026-04-22 14:40,30,留学,澳大利亚,2
14,02/06/2026,CUS0009,user_0009,回访,,ACC003,Leo_Sales,发送,未添加,2026/02/06 10:50,2026/02/06 11:05,15,零基础,西班牙,2
183,2026-03-28,CUS0119,user_0119,主动咨询,POST0024,ACC002,Mia_Sales,未发送,已添加,2026-03-28 14:50,2026-03-28 14:55,5,口语,西班牙,3
112,2026-02-04,CUS0073,user_0073,主动咨询,POST0043,ACC004,Mia_Sales,未发送,已添加,2026-02-04 10:40,2026-02-04 10:49,9,零基础,美国,4
225,06/26/2026,CUS0142,user_0142,主动咨询,,ACC003,Sofia_Sales,发送,已添加,2026-06-26 19:50,2026-06-26 19:59,9,DELE,德国,1
50,2026/05/14,CUS0032,user_0032,主动咨询,POST0002,ACC003,Mia_Sales,未发送,未添加,5月14日 16:40,2026/05/14 16:47,7,零基础,德国,4
145,2026-07-29,CUS0096,user_0096,回访,POST0044,ACC001,Mia_Sales,未发送,待添加,2026-07-29 20:50,2026/07/29 21:17,27,口语,英国,3
95,07/29/2026,,user_0062,回访,POST0024,ACC002,Leo_Sales,发送,已添加,2026-07-29 14:50,2026-07-29 15:49,59,小孩课程,新加坡,3
255,2026/06/10,CUS0163,user_0163,回访,POST0042,ACC002,Leo_Sales,未发送,未添加,6月10日 16:10,2026-06-10 16:58,48,留学,加拿大,1
17,2026/03/10,CUS0011,user_0011,回访,,ACC002,Leo_Sales,发送,已添加,2026-03-10 10:50,2026-03-10 10:57,7,DELE,加拿大,3
281,2026-08-03,CUS0177,user_0177,主动咨询,POST0004,ACC001,Sofia_Sales,已发送,已添加,2026/08/03 17:00,2026-08-03 17:04,4,DELE,中国,4
71,2026年6月3日,CUS0047,user_0047,被动私信,POST0021,ACC002,Sofia_Sales,发送,已添加,6月3日 9:50,6月3日 10:11,21,零基础,中国,2
236,2026-03-09,CUS0150,user_0150,主动咨询,POST0042,ACC002,Mia_Sales,发送,已添加,3月9日 11:10,3月9日 11:22,12,零基础,加拿大,1
104,2026/03/12,CUS0066, user_0066 ,主动咨询,POST0027,ACC002,Mia_Sale,已发送,已添加,2026-03-12 18:40,2026-03-12 19:18,38,B2,澳大利亚,2
209,2026-08-31,CUS0133,user_0133,被动私信,POST0040,ACC003,Sofia_Sales,已发送,已添加,2026-08-31 15:50,8月31日 15:52,2,零基础,中国,3
265,2026年8月8日,CUS0168,user_0168,主动咨询,POST0006,ACC004,Sofia_Sales,已发送,未添加,2026-08-08 10:00,2026-08-08 10:22,22,口语,澳大利亚,1
129,2026-07-26,CUS0085,user_0085,主动咨询,POST0043,ACC004,Sofia_Sale,已发送,未添加,2026-07-26 10:40,2026-07-26 10:42,2,B2,中国,4
208,2026-08-06,CUS0133,USER_0133,主动咨询,POST0005,ACC002,Sofia_Sales,已发送,待添加,2026-08-06 09:50,2026/08/06 10:02,12,留学,新加坡,3
157,2026-05-03,CUS0103,user_0103,主动评论,POST0031,ACC002,Sofia_Sales,已发送,已添加,5月3日 20:20,2026/05/03 20:27,7,零基础,英国,2
251,2026/05/07,CUS0161,user_0161,主动咨询,POST0011,ACC003,Mia_Sales,已发送,待添加,5月7日 18:20,2026-05-07 18:29,9,口语,中国,4
177,2026-01-25,CUS0115,user_0115,主动咨询,POST0043,ACC004,Mia_Sales,已发送,未添加,2026-01-25 09:20,2026/01/25 10:03,43,留学,美国,4
200,2026-06-10,CUS0128,USER_0128,主动咨询,POST0035,ACC001,Mia_Sales,未发送,已添加,2026-06-10 18:00,2026/06/10 18:04,4,小孩课程,新加坡,4
140,2026年8月31日,CUS0092,user_0092,主动评论,POST0007,ACC003,Sofia_Sales,发送,待添加,8月31日 14:00,2026/08/31 14:12,12,零基础,西班牙,1
22,04/14/2026,CUS0013,user_0013,主动评论,POST0047,ACC001,Leo_Sales,已发送,未添加,4月14日 9:00,2026/04/14 09:43,43,零基础,美国,2
124,2026/01/03,CUS0082,user_0082,被动私信,POST0031,ACC002,Sofia_Sales,已发送,已添加,2026-01-03 14:00,2026-01-03 14:22,22,B2,德国,4
147,2026-03-11,CUS0098,user_0098,主动咨询,POST0017,ACC001,Sofia_Sales,已发送,未添加,2026-03-11 14:20,2026-03-11 14:36,16,小孩课程,中国,1
180,2026/07/06,CUS0117,user_0117,主动咨询,POST0044,ACC001,Mia_Sales,已发送,待添加,7月6日 15:10,7月6日 15:48,38,口语,英国,3
108,2026/03/09,CUS0069, user_0069 ,主动咨询,POST0043,ACC004,Leo_Sales,已发送,已添加,2026/03/09 18:00,2026/03/09 18:07,7,留学,英国,1
143,2026/05/22,CUS0094,user_0094,回访,POST0029,ACC004,Leo_Sales,已发送,待添加,2026-05-22 11:40,2026-05-22 15:59,259,口语,中国,3
51,2026年3月5日,CUS0033,user_0033,被动私信,POST0018,ACC002,Mia_Sales,已发送,未添加,3月5日 16:10,2026/03/05 16:17,7,零基础,加拿大,1
100,2026/03/17,CUS0064,user_0064,回访,POST0001,ACC002,Mia_Sales,已发送,未添加,2026/03/17 20:40,2026-03-17 20:46,45,零基础,英国,1
231,2026-02-17,CUS0147,user_0147,主动评论,POST0017,ACC001,Sofia_Sales,未发送,未添加,2026-02-17 17:20,2026/02/17 17:31,11,留学,英国,3
148,2026年6月25日,,user_0099,主动咨询,POST0023,ACC003,Mia_Sales,未发送,已添加,6月25日 14:40,2026-06-25 14:57,17,小孩课程,西班牙,2
186,2026/05/13,CUS0121,user_0121,主动咨询,POST0035,ACC001,Mia_Sales,已发送,已添加,5月13日 17:00,2026-05-13 17:37,37,留学,西班牙,4
264,2026/02/20,CUS0167,user_0167,主动咨询,POST0019,ACC004,LEO_SALES,发送,已添加,2026-02-20 09:10,2026-02-20 10:00,50,零基础,西班牙,2
193,07/26/2026,CUS0125,user_0125,主动咨询,,ACC003,Leo_Sales,已发送,未添加,2026-07-26 14:50,2026-07-26 15:12,22,小孩课程,美国,2
20,2026-07-15,CUS0012,user_0012,主动咨询,POST0025,ACC004,Sofia_Sales,未发送,已添加,2026/07/15 11:00,2026-07-15 11:34,34,口语,加拿大,1
99,2026-02-01,CUS0064,user_0064,主动咨询,POST0025,ACC004,Mia_Sales,已发送,待添加,2026-02-01 15:00,2月1日 15:16,16,小孩课程,中国,2
226,2026/08/14,CUS0143,user_0143,主动评论,POST0033,ACC004,Leo_Sales,未发送,已添加,2026/08/14 18:50,2026/08/14 18:55,5,零基础,新加坡,2
172,2026/07/02,CUS0113,user_0113,主动咨询,POST0042,ACC002,Leo_Sale,未发送,未添加,2026-07-02 20:50,2026-07-02 21:07,17,口语,中国,3
29,2026-04-15,CUS0018,user_0018,被动私信,POST0011,ACC003,Leo_Sales,未发送,已添加,2026-04-15 11:30,2026/04/15 11:36,6,DELE,加拿大,4
15,2026/08/20,CUS0010,user_0010,主动咨询,POST0018,ACC002,Leo_Sales,未发送,未添加,2026-08-20 10:40,8月20日 10:48,8,口语,美国,2
219,2026/07/10,CUS0139, user_0139 ,回访,,ACC004,Sofia_Sales,发送,未添加,2026/07/10 14:40,2026-07-10 14:59,19,零基础,中国,4
136,01/23/2026,CUS0090,user_0090,主动咨询,POST0037,ACC002,Mia_Sales,已发送,已添加,2026/01/23 14:00,2026-01-23 18:03,243,小孩课程,新加坡,1
105,2026-05-15,CUS0067,user_0067,回访,POST0011,ACC003,Mia_Sales,已发送,待添加,5月15日 16:30,2026/05/15 16:35,5,B2,新加坡,3
101,2026/03/19,CUS0064,user_0064,主动咨询,POST0040,ACC003,Mia_Sales ,未发送,已添加,2026/03/19 11:20,2026/03/19 11:31,11,口语,澳大利亚,1
4,2026-02-26,CUS0002,user_0002,主动咨询,POST0040,ACC003,Sofia_Sales,未发送,已添加,2月26日 10:10,2026-02-26 10:26,16,小孩课程,西班牙,3
197,2026/01/22,CUS0127,user_0127,主动评论,POST0017,ACC001,Mia_Sales,已发送,已添加,2026/01/22 18:20,1月22日 18:41,21,B2,西班牙,1
84,2026-07-01,CUS0055,user_0055,主动咨询,POST0020,ACC002,Sofia_Sales,未发送,已添加,2026/07/01 20:00,7月1日 20:34,34,B2,中国,4
62,2026/03/26,CUS0041,user_0041,主动咨询,POST0016,ACC001,Mia_Sales,发送,已添加,3月26日 9:50,2026-03-26 09:59,9,零基础,英国,1
34,2026/06/08,CUS0022,user_0022,主动咨询,POST0032,ACC001,Sofia_Sales,已发送,未添加,6月8日 14:30,2026-06-08 15:10,40,口语,加拿大,3
271,2026-03-20,CUS0172,@user_0172,主动咨询,POST0005,ACC002,Leo_Sales,已发送,已添加,3月20日 9:00,2026-03-20 09:10,10,小孩课程,西班牙,2
249,07/21/2026,,user_0160,被动私信,POST0028,ACC001,Mia_Sales,已发送,已添加,2026-07-21 18:10,7月22日 1:11,421,留学,澳大利亚,1
1,2026-02-09,CUS0001,user_0001,主动咨询,POST0021,ACC002,Sofia_Sales,未发送,已添加,2026/02/09 15:50,2026-02-09 16:05,15,B2,美国,4
269,2026-06-05,CUS0171,user_0171,回访,,ACC002,Sofia_Sales,发送,未添加,6月5日 11:40,2026-06-05 12:01,21,B2,美国,4
122,2026年2月7日,CUS0080,user_0080,被动私信,POST0006,ACC004,LEO_SALES,未发送,已添加,2月7日 19:20,2月7日 19:30,10,小孩课程,新加坡,3
52,2026-05-09,CUS0034,user_0034,被动私信,POST0030,ACC004,Leo_Sales,未发送,未添加,2026/05/09 20:50,2026-05-09 21:16,26,口语,英国,3
42,2026-01-21,CUS0028,user_0028,主动咨询,POST0004,ACC001,Leo_Sales,发送,已添加,2026-01-21 17:10,1月21日 17:34,24,零基础,中国,3
97,2026-08-31,CUS0062,user_0062,被动私信,POST0047,ACC001,Leo_Sales,未发送,已添加,2026/08/31 15:20,8月31日 15:33,13,口语,美国,4
178,04/30/2026,CUS0116, user_0116 ,主动咨询,POST0040,ACC003,Mia_Sales,未发送,已添加,2026-04-30 11:30,4月30日 11:34,4,小孩课程,澳大利亚,1
159,2026-04-28,CUS0104,user_0104,回访,POST0029,ACC004,Sofia_Sales,已发送,已添加,2026/04/28 16:00,2026-04-28 16:07,35,DELE,美国,2
259,2026/04/19,CUS0166,user_0166,被动私信,POST0029,ACC004,Sofia_Sales,已发送,待添加,2026/04/19 15:50,2026-04-19 22:11,381,B2,中国,4
28,03/13/2026,CUS0018,user_0018,被动私信,POST0001,ACC002,Leo_Sales,发送,已添加,2026-03-13 14:30,2026-03-13 14:38,8,留学,西班牙,3
96,2026-08-13,CUS0062,user_0062,主动咨询,POST0032,ACC001,Leo_Sales,已发送,已添加,2026/08/13 15:30,2026/08/13 15:36,6,小孩课程,新加坡,1
55,2026-04-26,CUS0036,@user_0036,主动咨询,POST0003,ACC002,Sofia_Sales,已发送,待添加,2026-04-26 14:30,2026-04-26 14:40,10,小孩课程,英国,3
242,2026-04-02,CUS0155,user_0155,主动咨询,POST0015,ACC002,MIA_SALES,已发送,已添加,2026-04-02 20:00,4月2日 20:09,9,零基础,西班牙,1
67,04/03/2026,CUS0044,user_0044,回访,POST0017,ACC001,Leo_Sales,已发送,已添加,2026-04-03 20:10,2026/04/04 02:34,384,留学,新加坡,4
27,2026/03/28,,user_0017,被动私信,POST0005,ACC002,Leo_Sales,发送,未添加,3月28日 17:50,2026-03-28 19:42,112,零基础,美国,3
53,2026/02/23,CUS0035,user_0035,被动私信,POST0024,ACC002,Sofia_Sales,已发送,已添加,2月23日 19:40,2026-02-23 20:12,32,零基础,西班牙,1
240,2026年7月23日,CUS0154, user_0154 ,被动私信,POST0005,ACC002,Mia_Sales,未发送,未添加,7月23日 18:00,2026/07/23 18:06,6,小孩课程,英国,4
232,2026/05/09,CUS0148,user_0148,被动私信,POST0025,ACC004,Sofia_Sales,已发送,已添加,5月9日 15:40,2026-05-09 18:58,198,零基础,中国,3
88,2026年3月26日,,user_0058,回访,POST0025,ACC004,Sofia_Sales,已发送,已添加,2026-03-26 15:30,2026/03/26 15:43,13,留学,英国,3
111,07/04/2026,CUS0072,user_0072,主动咨询,,ACC004,Sofia_Sales,发送,未添加,2026-07-04 09:40,2026-07-04 09:45,5,小孩课程,德国,3
109,2026/02/07,,user_0070,主动咨询,POST0008,ACC002,Leo_Sales,未发送,未添加,2026-02-07 11:30,2026-02-07 16:07,277,零基础,西班牙,1
123,2026/07/28,CUS0081,USER_0081,主动咨询,POST0026,ACC002,Sofia_Sales,已发送,未添加,2026-07-28 14:20,2026/07/28 14:27,7,DELE,澳大利亚,4
252,2026/06/23,,user_0162,主动咨询,,ACC004,Sofia_Sales,未发送,已添加,2026/06/23 17:30,2026/06/23 17:40,10,小孩课程,中国,2
151,2026年5月13日,CUS0100, user_0100 ,主动评论,POST0005,ACC002,Leo_Sale,已发送,已添加,2026-05-13 19:00,2026-05-14 02:10,430,小孩课程,新加坡,3
121,2026/03/12,CUS0079,user_0079,回访,POST0010,ACC003,Leo_Sales,已发送,已添加,2026/03/12 15:50,3月12日 16:02,12,小孩课程,澳大利亚,4
283,2026/04/24,CUS0178,user_0178,主动评论,POST0027,ACC002,Mia_Sales,已发送,已添加,2026-04-24 16:00,2026/04/24 16:36,36,DELE,美国,2
155,2026-07-17,CUS0102,user_0102,主动评论,POST0036,ACC004,Mia_Sales,未发送,已添加,2026-07-17 18:30,2026-07-17 18:33,3,B2,德国,3
219,2026/07/10,CUS0139, USER_0139 ,回访,,ACC004,Sofia_Sales,发送,未添加,2026/07/10 14:40,2026-07-10 14:59,19,零基础,中国,4
220,2026-07-12,CUS0139,user_0139,被动私信,POST0032,ACC001,Sofia_Sales ,发送,已添加,7月12日 16:20,2026/07/12 16:24,4,口语,西班牙,1
86,2026-07-06,CUS0057,USER_0057,回访,,ACC003,Sofia_Sales,发送,已添加,2026-07-06 10:40,7月6日 11:26,46,零基础,美国,1
57,2026-02-15,CUS0038,@user_0038,回访,POST0048,ACC003,Leo_Sales,已发送,待添加,2月15日 9:40,2月15日 9:47,7,留学,中国,4
110,2026-01-31,CUS0071,user_0071,主动咨询,POST0040,ACC003,Leo_Sales,未发送,已添加,2026-01-31 09:00,2026-01-31 09:11,11,留学,加拿大,3
40,2026-08-03,,user_0026,主动咨询,POST0027,ACC002,Mia_Sales,未发送,待添加,2026-08-03 10:40,8月3日 11:07,27,口语,西班牙,3
163,2026年1月9日,CUS0107,user_0107,被动私信,POST0006,ACC004,Mia_Sales,未发送,已添加,2026-01-09 18:10,2026-01-09 23:01,291,小孩课程,加拿大,1
261,2026/06/14,CUS0166,user_0166,主动咨询,,ACC002,Sofia_Sales,未发送,已添加,2026/06/14 16:10,2026/06/14 16:22,12,DELE,澳大利亚,1
116,2026年2月14日,CUS0075,user_0075,主动评论,POST0025,ACC004,Leo_Sales,已发送,未添加,2026-02-14 09:10,2026-02-14 09:25,15,零基础,美国,4
127,2026-06-30,CUS0083,user_0083,主动咨询,POST0031,ACC002,Sofia_Sales,未发送,已添加,2026-06-30 18:50,2026/06/30 18:59,9,B2,新加坡,3
117,2026-04-30,CUS0076,user_0076,主动咨询,,ACC003,Leo_Sales ,已发送,已添加,2026-04-30 20:10,2026/05/01 04:07,477,零基础,英国,1
201,2026年7月13日,CUS0128,user_0128,主动咨询,POST0009,ACC004,Mia_Sales,已发送,未添加,2026-07-13 17:10,2026-07-13 20:51,221,口语,德国,3
215,03/04/2026,CUS0137,user_0137,主动咨询,POST0015,ACC002,Mia_Sales,发送,已添加,2026-03-04 11:00,3月4日 17:45,405,小孩课程,加拿大,1
9,2026-07-01,CUS0006,user_0006,主动咨询,POST0018,ACC002,Sofia_Sales,已发送,已添加,2026-07-01 19:50,2026/07/01 19:59,9,DELE,新加坡,1
19,2026/07/06,CUS0012,user_0012,主动咨询,POST0009,ACC004,Sofia_Sales,已发送,已添加,2026-07-06 20:10,2026/07/07 03:56,466,小孩课程,中国,2
167,2026/08/31,CUS0109,user_0109,主动咨询,POST0026,ACC002,Leo_Sales,发送,待添加,2026-08-31 14:20,2026/08/31 14:41,21,零基础,加拿大,1
66,2026-01-14,CUS0043,user_0043,被动私信,POST0015,ACC002,Mia_Sales,未发送,已添加,2026-01-14 11:10,2026-01-14 11:38,74,B2,西班牙,3
211,2026年5月2日,CUS0135,user_0135,主动咨询,POST0008,ACC002,Mia_Sales,已发送,已添加,2026-05-02 10:20,2026-05-02 10:47,27,口语,加拿大,1
216,2026/08/19,CUS0138, user_0138 ,主动咨询,,ACC004,LEO_SALES,已发送,未添加,8月19日 14:10,8月19日 14:41,31,B2,美国,4
212,2026/05/06,CUS0135,user_0135,主动咨询,POST0035,ACC001,Mia_Sales,未发送,待添加,2026-05-06 15:30,2026-05-06 15:50,20,零基础,英国,3
30,2026年4月23日,CUS0018,user_0018,主动咨询,POST0013,ACC003,Leo_Sales,已发送,已添加,2026-04-23 10:10,2026-04-23 10:19,9,B2,新加坡,1
43,02/24/2026,CUS0029,user_0029,回访,,ACC003,Mia_Sales,发送,已添加,2026/02/24 18:20,2026/02/24 18:46,26,留学,西班牙,4
158,2026/04/04,CUS0104,user_0104,主动咨询,POST0005,ACC002,Sofia_Sales,发送,已添加,2026/04/04 18:40,2026/04/04 18:49,9,DELE,英国,1
142,2026-07-11,,user_0093,回访,POST0038,ACC003,Leo_Sales,已发送,未添加,2026-07-11 15:50,2026-07-11 15:58,8,DELE,中国,4
277,06/16/2026,CUS0176,user_0176,主动咨询,POST0032,ACC001,Leo_Sales,已发送,未添加,6月16日 10:20,2026/06/16 10:46,26,留学,德国,4
11,2026年6月7日,CUS0007,user_0007,主动咨询,POST0016,ACC001,Mia_Sales,已发送,未添加,2026/06/07 14:40,2026-06-07 15:10,30,零基础,英国,2
181,2026-08-01,,user_0118,主动咨询,POST0002,ACC003,Sofia_Sales,已发送,未添加,2026-08-01 14:10,8月1日 14:44,34,小孩课程,西班牙,3
194,2026/01/29,CUS0126,user_0126,主动咨询,POST0024,ACC002,Leo_Sales,发送,未添加,2026-01-29 20:00,2026/01/29 20:14,14,零基础,新加坡,3
188,2026年3月8日,CUS0122,user_0122,被动私信,POST0029,ACC004,Leo_Sales,发送,待添加,2026/03/08 15:50,2026/03/08 16:12,22,零基础,美国,3
90,2026-01-17,CUS0059,user_0059,主动咨询,POST0016,ACC001,Sofia_Sales,未发送,已添加,1月17日 16:40,1月17日 17:01,21,小孩课程,英国,2
26,2026-02-18,CUS0016,user_0016,主动评论,POST0045,ACC002,Mia_Sales,未发送,已添加,2026-02-18 09:00,2026-02-18 09:17,17,DELE,美国,3
203,2026-01-14,,user_0129,主动咨询,POST0035,ACC001,MIA_SALES,已发送,未添加,2026/01/14 14:40,2026-01-14 14:49,9,DELE,中国,1
286,2026-03-18,,user_0180,回访,POST0010,ACC003,Mia_Sales,已发送,已添加,2026/03/18 11:30,2026/03/18 11:58,83,小孩课程,英国,2
138,2026/02/06,CUS0091,user_0091,主动评论,POST0011,ACC003,LEO_SALES,未发送,已添加,2026-02-06 11:00,2026-02-06 11:27,27,B2,中国,3
276,2026-03-27,CUS0175, user_0175 ,被动私信,POST0008,ACC002,Mia_Sales,未发送,已添加,2026-03-27 14:30,2026-03-27 14:36,6,B2,英国,1
262,2026-01-29,CUS0167,user_0167,主动咨询,POST0041,ACC003,Leo_Sales,已发送,未添加,2026-01-29 14:00,2026/01/29 14:10,10,口语,中国,3
80,2026-03-04,CUS0053,user_0053,主动咨询,POST0025,ACC004,Leo_Sales,发送,未添加,2026-03-04 17:10,2026/03/04 17:47,37,DELE,美国,1
198,2026/03/06,, user_0127 ,主动咨询,POST0019,ACC004,Mia_Sales,已发送,已添加,2026/03/06 10:00,2026/03/06 10:11,11,DELE,西班牙,2
263,02/04/2026,CUS0167,user_0167,主动评论,POST0048,ACC003,Leo_Sales,未发送,待添加,2月4日 16:30,2026/02/04 16:49,36,DELE,美国,1
82,2026/03/28,CUS0054,user_0054,回访,POST0042,ACC002,Mia_Sales,未发送,已添加,2026-03-28 19:20,2026-03-28 19:47,27,B2,中国,2
195,2026/03/11,CUS0126,user_0126,主动咨询,,ACC001,Leo_Sales,已发送,已添加,2026/03/11 18:00,2026/03/11 18:18,18,小孩课程,美国,3
246,2026/04/26,CUS0159,user_0159,主动咨询,POST0026,ACC002,Sofia_Sales,未发送,已添加,2026/04/26 19:30,2026/04/26 19:45,15,口语,中国,4
184,2026-07-03,CUS0120,user_0120,回访,,ACC002,Leo_Sales,未发送,已添加,2026/07/03 09:50,2026/07/03 10:00,10,B2,西班牙,3
229,2026-02-19,CUS0145,user_0145,主动评论,POST0037,ACC002,Sofia_Sales,未发送,已添加,2026-02-19 17:20,2026/02/19 17:43,46,零基础,中国,3
257,2026/03/10,CUS0164,user_0164,主动评论,,ACC003,Mia_Sales,未发送,已添加,2026-03-10 20:20,2026/03/10 20:47,27,零基础,中国,1
2,2026/02/21,CUS0001,user_0001,主动咨询,POST0022,ACC001,Sofia_Sales,未发送,未添加,2026/02/21 19:20,2026/02/21 19:42,22,口语,澳大利亚,4
33,2026-08-09,CUS0021,user_0021,主动咨询,POST0029,ACC004,Leo_Sales ,已发送,已添加,2026-08-09 16:40,2026/08/09 17:09,48,口语,澳大利亚,4
79,2026/02/17,,user_0052,主动咨询,POST0037,ACC002,Sofia_Sales,已发送,未添加,2月17日 17:30,2026-02-17 17:34,4,B2,英国,4
130,2026-01-23,CUS0086,user_0086,主动评论,POST0002,ACC003,Mia_Sales,已发送,已添加,2026/01/23 20:00,2026/01/23 20:30,80,小孩课程,加拿大,1
6,06/14/2026,CUS0004,user_0004,被动私信,POST0006,ACC004,Leo_Sales,发送,待添加,6月14日 16:50,2026/06/14 17:11,21,零基础,加拿大,1
54,2026年4月6日,CUS0036,user_0036,回访,POST0037,ACC002,Sofia_Sales ,已发送,未添加,2026/04/06 20:20,2026/04/06 20:26,6,零基础,加拿大,1
288,05/04/2026,CUS0180,user_0180,主动咨询,,ACC004,Mia_Sales,发送,已添加,2026/05/04 18:50,2026/05/04 18:57,7,零基础,澳大利亚,3
267,07/18/2026,CUS0170,user_0170,被动私信,POST0043,ACC004,Leo_Sales,已发送,待添加,2026/07/18 16:10,2026-07-18 16:26,16,零基础,德国,4
230,2026-04-11,CUS0146,user_0146,主动咨询,POST0004,ACC001,Mia_Sales,发送,已添加,2026-04-11 11:20,2026-04-11 11:33,13,小孩课程,澳大利亚,3
72,2026年6月25日,,USER_0048,主动咨询,POST0042,ACC002,Sofia_Sales,未发送,已添加,6月25日 10:10,2026-06-25 10:20,10,小孩课程,新加坡,4
234,2026/07/10,CUS0149,user_0149,主动咨询,POST0012,ACC001,Sofia_Sales,发送,已添加,2026-07-10 09:20,2026-07-10 09:28,8,小孩课程,中国,3
218,2026-06-11,CUS0139,user_0139,回访,POST0031,ACC002,Sofia_Sales,未发送,已添加,2026-06-11 11:30,2026/06/11 12:01,31,DELE,新加坡,3
247,2026/06/17,CUS0160,@user_0160,主动咨询,POST0034,ACC002,Mia_Sales,未发送,已添加,2026-06-17 20:20,2026/06/17 20:30,10,零基础,美国,2
244,2026/08/02,CUS0157,user_0157,主动评论,POST0028,ACC001,Mia_Sales,已发送,已添加,2026/08/02 16:10,,18,小孩课程,中国,2
280,07/08/2026,CUS0177,user_0177,主动评论,POST0003,ACC002,Sofia_Sales,未发送,已添加,2026-07-08 09:10,2026/07/08 09:28,18,零基础,新加坡,2
125,2026-01-10,CUS0082,user_0082,主动咨询,POST0047,ACC001,Sofia_Sales,已发送,已添加,2026-01-10 18:50,1月10日 19:09,64,DELE,加拿大,1
59,2026-03-21,CUS0040,user_0040,主动咨询,POST0034,ACC002,Mia_Sales,发送,已添加,2026/03/21 14:00,3月21日 14:30,30,DELE,中国,1
205,2026-07-22,CUS0131,@user_0131,主动咨询,POST0003,ACC002,Mia_Sales,已发送,未添加,2026/07/22 20:10,2026-07-22 20:26,16,留学,新加坡,1
118,2026年6月14日,, user_0077 ,主动评论,POST0028,ACC001,Sofia_Sales,已发送,已添加,2026-06-14 10:40,2026-06-14 10:48,8,口语,新加坡,1
85,2026/04/18,,user_0056,主动咨询,POST0043,ACC004,Mia_Sales,已发送,未添加,2026-04-18 20:40,2026/04/18 21:05,25,小孩课程,西班牙,2
58,2026/07/10,CUS0039,user_0039,被动私信,POST0026,ACC002,LEO_SALES,已发送,待添加,2026-07-10 11:00,7月10日 11:27,27,留学,英国,1
268,2026年8月18日,CUS0170,user_0170,主动评论,POST0018,ACC002,Leo_Sales,已发送,未添加,8月18日 17:20,2026-08-18 17:29,9,零基础,德国,1
64,2026-04-18,CUS0042,user_0042,主动咨询,POST0030,ACC004,Mia_Sales,发送,已添加,2026/04/18 09:00,2026-04-18 09:32,32,零基础,西班牙,4
173,2026-07-29,,user_0113,主动评论,POST0048,ACC003,Leo_Sales,已发送,未添加,2026-07-29 17:50,7月29日 17:58,8,口语,加拿大,1
107,2026年1月17日,CUS0068,@user_0068,主动咨询,POST0048,ACC003,MIA_SALES,未发送,已添加,1月17日 20:50,2026-01-17 20:59,9,小孩课程,中国,4
146,2026/05/15,,user_0097,主动咨询,POST0047,ACC001,Mia_Sales,未发送,已添加,5月15日 10:20,2026-05-15 10:44,24,DELE,美国,4
73,2026年3月31日,CUS0049,user_0049,主动咨询,POST0034,ACC002,Mia_Sales,未发送,已添加,3月31日 19:00,2026-03-31 19:08,8,DELE,美国,2
222,2026-07-20,CUS0140,user_0140,主动咨询,POST0009,ACC004,Leo_Sales,发送,已添加,2026/07/20 10:50,2026-07-20 11:05,15,B2,新加坡,4
191,2026-02-06,CUS0124,user_0124,回访,POST0024,ACC002,Sofia_Sales ,未发送,已添加,2026/02/06 16:00,2026-02-06 16:44,44,口语,英国,2
103,2026-02-20,CUS0066,@user_0066,主动评论,,ACC003,Mia_Sales,已发送,待添加,2月20日 16:50,2月20日 21:19,269,留学,新加坡,4
287,2026-04-30,,USER_0180,回访,POST0004,ACC001,Mia_Sales,已发送,已添加,2026/04/30 14:40,2026-04-30 15:33,53,留学,西班牙,1
